Z7,mH,mHc,mA,cba,tb,sinba,Z4,Z5,m12_2,l1,l2,l3,l4,l5,l6,l7,g_HpHmh,Gamma_h,Gamma_H,Gamma_Hc,Gamma_A,br_h_bb,br_h_tautau,br_h_gg,br_h_WW,br_h_ZZ,br_h_gaga,br_A_tt,br_A_bb,br_A_gg,br_A_mumu,br_A_tautau,br_A_Zga,br_A_Zh,br_A_ZH,br_A_gaga,br_H_tt,br_H_bb,br_H_gg,br_H_mumu,br_H_tautau,br_H_Zga,br_H_Zh,br_H_WW,br_H_ZZ,br_H_ZA,br_H_AA,br_H_hh,br_H_gaga,br_Hp_tb,br_Hp_taunu,br_Hp_Wh,br_Hp_WH,br_Hp_WA,sta,uni,per_4pi,per_8pi,S,T,U,V,W,X,delta_rho,delta_amu,tot_hbobs,sens_ch,chi2_HS,chi2_ST_hepfit,chi2_ST_gfitter,chi2_Tot_hepfit,chi2_Tot_gfitter,k_huu,k_hdd,likelihood,stay_count,bq_tqhi_X_sects,bq_tqh1_X_sects,bq_tqh2_X_sects,bq_tqh3_X_sects,bg_twhi_X_sects,bg_twh1_X_sects,bg_twh2_X_sects,bg_twh3_X_sects,qq_tbhi_X_sects,qq_tbh1_X_sects,qq_tbh2_X_sects,qq_tbh3_X_sects
0.111561,510.152,636.201,619.86,0.215594,9.507030000000006,0.976483,-2.90956,-2.23244,26537.3,7.358439999999999,0.265826,13.4717,-2.80734,-2.13023,9.714449999999999e-17,-2.2508e-16,3220.32,0.00457679,4.3421,6.1459699999999975,4.69024,0.620514,0.0651659,0.08702639999999999,0.17585,0.0220512,0.00170733,0.0707135,0.178622,0.000281468,8.752139999999999e-05,0.0247584,1.9324999999999999e-07,0.63464,0.0908265,6.22432e-07,0.0400953,0.163649,0.000132858,0.021972099999999998,0.021972099999999998,6.2597900000000025e-06,0.0,0.393789,0.188378,0.0,0.0,0.19183499999999998,7.338840000000002e-07,0.172061,0.0193923,0.537708,0.270396,2.45659e-07,1.0,1.0,0.0,1.0,-0.00226363,0.0341838,-2.65827e-05,0.000211066,9.224190000000001e-05,-1.46338e-05,0.000267198,1.63989e-11,0.0,0.0,103.25299999999999,1.36611,0.46391099999999996,104.619,103.71700000000001,0.99916,-1.07318,1.915458728515565e-23,25.0,0.033472152976,0.03303748,0.00047048681,6.0911619999999996e-05,0.0657274041311,0.065610216,0.02449016801,3.5673231200000004e-05,0.0036281019,0.002453424,0.03324003,0.03311841
1.49161,709.202,714.26,645.347,0.253212,8.012499999999994,0.967411,-2.17963,0.9113530000000001,61239.1,4.1607199999999995,0.27516399999999996,17.1347,-1.74088,1.3501,-1.55431e-15,2.02616e-15,4069.88,0.00449052,15.1555,7.8918300000000015,5.90235,0.618635,0.0649743,0.0885477,0.175913,0.0220592,0.00169677,0.0827876,0.104289,0.000281471,5.14317e-05,0.0145493,2.14363e-07,0.797999,0.0,6.86963e-07,0.032183699999999996,0.043864099999999996,7.95237e-05,0.00621448,0.00621448,2.38597e-06,0.0,0.44985299999999995,0.219681,4.37549e-05,0.0,0.248038,3.08732e-07,0.138799,0.0120435,0.84841,5.11587e-10,0.000421782,1.0,1.0,0.0,1.0,0.00313574,0.034128399999999996,-7.17939e-05,0.000380455,0.000199742,-1.1606500000000001e-05,0.000266766,1.78827e-11,0.0,0.0,103.131,1.2755299999999998,0.560854,104.40700000000001,103.69200000000001,0.9990129999999999,-1.06145,2.1296489179089924e-23,3.0,0.03339575018,0.03311841,0.00032608848,3.7427296e-05,0.0632206160429,0.063010323,0.1835368827,3.652690335e-05,0.0034599964,0.002470267,0.03310116,0.03313691
0.8786,629.5219999999998,633.201,573.768,0.240546,8.413580000000003,0.9706379999999999,-1.62317,0.7432979999999999,45873.0,5.28109,0.268941,13.3789,-1.34051,1.02596,4.4408900000000007e-16,-8.118510000000001e-16,3181.89,0.00444875,9.5213,5.12121,3.9230699999999996,0.6147560000000001,0.0645712,0.0893257,0.178751,0.022415099999999997,0.00172901,0.09852639999999999,0.156797,0.000374211,7.585770000000001e-05,0.021458900000000003,2.66327e-07,0.722705,0.0,8.999609999999998e-07,0.0371152,0.06968730000000001,0.00010140799999999999,0.00968562,0.00968562,3.5006900000000008e-06,0.0,0.442481,0.21478899999999998,3.22206e-05,0.0,0.226043,3.8594499999999995e-07,0.1905,0.0181412,0.790646,0.0,0.000247743,1.0,1.0,0.0,1.0,0.00229751,0.021137700000000002,-7.238729999999999e-05,0.00030776400000000003,0.000149585,-1.4772999999999999e-05,0.000165224,1.80593e-11,0.0,0.0,103.469,1.7367400000000002,1.3022,105.206,104.771,0.9992280000000001,-1.05322,1.4282603123458855e-23,2.0,0.03328914264,0.03290789,0.00061516623,6.5999e-05,0.06373688928480001,0.063629424,6.838163506e-05,2.861286439e-05,0.0035151756,0.002433336,0.03291985,0.03290789
0.549141,605.852,623.714,608.8430000000002,0.224345,8.905009999999994,0.97451,-0.9563659999999999,-0.351659,40133.3,6.738339999999999,0.262627,12.7942,-0.749783,-0.145076,7.771560000000001e-16,-1.63758e-15,3050.63,0.00428496,7.3532600000000015,4.439019999999998,4.2272,0.602338,0.0632824,0.09248619999999999,0.187068,0.023458,0.00181715,0.08759739999999999,0.171296,0.000333666,8.36848e-05,0.0236731,2.3602799999999997e-07,0.7169479999999999,0.0,7.71716e-07,0.0375291,0.0979813,0.000109818,0.013533700000000001,0.013533700000000001,3.9682599999999995e-06,0.0,0.44072100000000003,0.213454,0.0,0.0,0.19658,4.35051e-07,0.222334,0.023094200000000002,0.754013,5.04187e-07,2.1206700000000002e-07,1.0,1.0,0.0,1.0,0.00289064,0.00190881,-0.000148362,0.000254421,0.000116295,-1.52265e-05,1.49203e-05,1.7085000000000002e-11,0.0,0.0,106.33200000000001,3.1301400000000004,3.30429,109.463,109.637,0.9997030000000001,-1.02328,1.6998537736406073e-24,1.0,0.03366706455,0.03291985,0.00031089475,6.470399000000001e-05,0.06037518846660001,0.060292017,4.941119919e-05,3.7051054310000014e-05,0.0032285436999999998,0.002461705,0.03313691,0.03291985
0.47827600000000003,606.697,654.9209999999998,606.998,0.237706,8.868509999999992,0.9713370000000001,-2.32957,-0.334516,40169.4,8.04118,0.281242,14.7955,-2.12164,-0.126588,-1.11022e-16,-9.36751e-17,3516.77,0.00495377,8.97006,5.57656,4.5564599999999995,0.643537,0.0675526,0.080874,0.16076,0.020159,0.00154936,0.08164930000000001,0.157219,0.000310625,7.67692e-05,0.0217168,2.19943e-07,0.738965,0.0,7.204290000000002e-07,0.0383892,0.0795087,0.00010800000000000001,0.0109845,0.0109845,3.6104e-06,0.0,0.40742,0.19734300000000002,0.0,0.0,0.266173,3.61458e-07,0.18628,0.0191452,0.793978,6.59437e-05,6.75456e-05,1.0,1.0,0.0,1.0,0.000877324,0.0517731,4.03806e-06,0.000301037,0.000147864,-1.3807999999999999e-05,0.00040468599999999997,1.83598e-11,0.0,0.0,106.84700000000001,1.35364,0.253334,108.2,107.1,0.998141,-1.13676,3.1964545161502318e-24,1.0,0.03349242878,0.03324003,0.00061295777,5.331188e-05,0.0704636409377,0.061712601,0.00017528408877000006,6.839706431000001e-05,0.0035168940999999996,0.002467134,0.03303748,0.03284286
1.7794900000000002,729.217,625.445,649.377,0.233041,8.874939999999997,0.972467,2.3597200000000003,1.35322,58902.0,1.6270799999999999,0.28029699999999996,13.4896,2.7829900000000003,1.7764900000000001,-2.22045e-16,2.63678e-16,3230.71,0.00470391,15.9336,4.73819,5.34286,0.62953,0.0661015,0.0848384,0.169693,0.0212792,0.00163576,0.07506239999999999,0.14207899999999998,0.000273212,7.01425e-05,0.0198422,1.98833e-07,0.762612,0.0,6.30422e-07,0.027786400000000003,0.052367399999999995,7.12129e-05,0.00745236,0.00745236,1.8999900000000002e-06,0.0,0.395675,0.193458,0.00017370099999999998,0.0,0.25285799999999997,2.80931e-07,0.20851599999999998,0.021549799999999997,0.769412,0.0,0.0,1.0,1.0,0.0,1.0,0.010004899999999999,0.0213437,-0.00014688600000000002,0.000306272,0.000147247,-1.51421e-05,0.000166834,1.84153e-11,0.0,0.0,103.704,1.79985,1.72295,105.50399999999999,105.427,0.998725,-1.09576,1.2305449731531534e-23,5.0,0.03414608832,0.03284286,0.00040316877,6.106019e-05,0.07601468055510001,0.06018175,2.254714659e-05,0.0039128745903,0.0042426974,0.002454171,0.03294059,0.03313227
1.51321,743.316,757.2489999999997,654.7090000000002,0.23001,8.703939999999996,0.9731879999999999,-3.20155,1.5748,62229.1,4.40269,0.265752,18.9726,-2.79457,1.9817799999999999,8.881780000000002e-16,-8.95117e-16,4534.33,0.00431364,14.3288,8.55183,5.34129,0.604834,0.06354169999999999,0.0919176,0.185321,0.0232389,0.00179712,0.07877189999999999,0.137639,0.000280849,6.80396e-05,0.0192474,2.07102e-07,0.763938,0.0,6.55337e-07,0.029162999999999998,0.0570207,7.45396e-05,0.00813931,0.00813931,2.06608e-06,0.0,0.455234,0.222755,0.0004856730000000001,0.0,0.22707399999999997,3.06693e-07,0.140129,0.013904300000000001,0.781863,7.56876e-08,0.063764,1.0,1.0,0.0,1.0,0.000846612,0.06696970000000001,4.07434e-05,0.00030597599999999996,0.000158757,-1.03247e-05,0.000523471,1.76538e-11,0.0,0.0,105.48200000000001,1.96423,0.69368,107.446,106.175,0.9996139999999999,-1.0288,4.660124813804552e-24,3.0,0.033654766780000005,0.03320824,0.0008614391999999999,5.0092209999999995e-05,0.243711887698,0.06058468,4.117892575e-05,3.051961209e-05,0.0029302783000000002,0.002441687,0.03313227,0.03303748
0.392233,554.826,675.062,657.62,0.220509,9.282429999999996,0.9753850000000001,-3.0569900000000003,-2.2901599999999998,32274.8,6.31815,0.267304,15.1945,-2.90125,-2.13442,1.11022e-16,-2.06432e-16,3632.97,0.00456463,5.75641,6.78436,5.34457,0.620189,0.06513250000000001,0.08723689999999999,0.175922,0.022060299999999998,0.00170646,0.0695554,0.157025,0.000260602,7.76804e-05,0.021974599999999997,1.8614999999999998e-07,0.712272,0.0387726,5.83953e-07,0.039720099999999994,0.126209,0.000123482,0.0171829,0.0171829,4.9165499999999995e-06,0.0,0.409171,0.197023,0.0,0.0,0.2104550000000001,5.33839e-07,0.16309400000000002,0.0177703,0.621223,0.197501,3.09325e-07,1.0,1.0,0.0,1.0,-0.0013499,0.035099599999999995,-4.71216e-05,0.000244585,0.000115714,-1.2995299999999999e-05,0.00027435700000000003,1.65213e-11,0.0,0.0,103.23700000000001,1.33591,0.446366,104.573,103.684,0.9991399999999999,-1.07148,1.9600248247736406e-23,7.0,0.033276864441999995,0.03313227,0.00060061692,5.4327690000000004e-05,0.0847233878676,0.060344777999999995,2.854885786e-05,5.070491393e-05,0.0029985032,0.002406592,0.03300444,0.03294059
0.19024100000000002,530.756,636.475,637.624,0.22724299999999997,8.970460000000003,0.9738379999999999,-2.23793,-2.28622,30380.2,7.35916,0.266575,13.4816,-2.10683,-2.15512,-2.77556e-17,4.0679300000000005e-16,3211.78,0.00452143,5.20047,5.41555,5.22677,0.618113,0.06491799999999999,0.0880023,0.17704,0.022200400000000002,0.00171644,0.0735907,0.146123,0.000273497,7.1926e-05,0.020346799999999998,1.9643000000000002e-07,0.696721,0.0628144,6.27571e-07,0.041449599999999996,0.125736,0.000129104,0.0169932,0.0169932,5.81317e-06,0.0,0.416109,0.199697,0.0,0.0,0.19977,6.55659e-07,0.187217,0.019602099999999997,0.678941,0.11377000000000001,0.0,1.0,1.0,0.0,1.0,-7.1671e-05,-0.010228000000000001,-0.000194831,0.000255605,0.00011798700000000001,-1.4621199999999993e-05,-7.99472e-05,1.63858e-11,0.0,0.0,103.29,4.293080000000002,4.71592,107.583,108.006,0.9991700000000001,-1.06464,4.351594074396836e-24,5.0,0.033689838660000006,0.03310116,0.0005395375,6.19118e-05,0.0689681723568,0.063523939,0.015584644621,2.448400944e-05,0.0035572893,0.002457323,0.03290789,0.03324003
0.494858,551.556,652.237,625.964,0.234706,8.83986999999999,0.972066,-2.8153099999999998,-1.70745,33430.1,5.5646900000000015,0.272302,14.3391,-2.63416,-1.5263,-2.77556e-16,1.9081999999999999e-16,3417.17,0.00474522,6.38146,5.82881,4.87137,0.632019,0.0663595,0.08415399999999999,0.168077,0.021076599999999997,0.0016248,0.0796338,0.149918,0.000296142,7.35725e-05,0.0208125,2.1271599999999998e-07,0.748865,0.00034072400000000004,6.865260000000001e-07,0.0412375,0.10263599999999999,0.00012319799999999998,0.0139596,0.0139596,5.02603e-06,0.0,0.4101770000000001,0.19742300000000002,0.0,0.0,0.23434899999999997,5.40514e-07,0.177091,0.018123900000000002,0.730464,0.0738781,2.83136e-06,1.0,1.0,0.0,1.0,-0.000654911,0.0477898,-1.3303800000000001e-05,0.000283554,0.000136999,-1.39221e-05,0.00037355099999999996,1.71693e-11,0.0,0.0,103.889,1.33918,0.25860900000000003,105.228,104.147,0.998617,-1.10271,1.4126355426926234e-23,2.0,0.0335866591,0.03313691,0.00045646472,3.9889297e-05,0.06442904350340001,0.06434895,0.008615785057,3.564194514e-05,0.0034351912,0.002370326,0.03320824,0.03320824
0.515479,573.998,652.396,631.197,0.220075,9.551049999999991,0.975483,-2.2854900000000002,-1.38782,33629.1,6.0274800000000015,0.274231,14.5078,-2.11328,-1.21561,0.0,5.20417e-17,3471.08,0.00489765,6.70485,4.9732199999999995,4.615480000000002,0.639124,0.0670942,0.0817567,0.163993,0.0205644,0.00158616,0.0726803,0.186001,0.00028712400000000004,9.140649999999999e-05,0.0258575,1.9816400000000005e-07,0.714932,7.72825e-05,6.32108e-07,0.0385779,0.117875,0.00011808200000000001,0.016138299999999998,0.016138299999999998,4.16288e-06,0.0,0.390721,0.188585,0.0,0.0,0.247876,4.3019599999999997e-07,0.219392,0.024803400000000003,0.7533340000000001,0.00190769,1.12268e-06,1.0,1.0,0.0,1.0,1.32607e-05,0.0288113,-5.90929e-05,0.000240904,0.000111494,-1.39153e-05,0.000225204,1.76222e-11,0.0,0.0,105.23899999999999,1.443,0.729449,106.682,105.969,0.998525,-1.12646,6.828071195414399e-24,1.0,0.03371514736,0.03300444,0.00050506492,5.779706e-05,0.0616264199312,0.057779844000000004,3.124989557e-05,3.7454336130000004e-05,0.0038138949,0.002440585,0.03311841,0.03310116
0.28819,419.159,640.641,628.332,0.21118800000000001,9.79801999999999,0.9774459999999999,-4.24719,-3.73189,17552.0,2.8058,0.26371999999999995,13.552999999999999,-4.16127,-3.6459699999999997,-2.22045e-16,5.10009e-16,3256.03,0.00468955,2.4416599999999997,16.8374,13.9165,0.6268520000000001,0.0658223,0.08510060000000001,0.17196,0.0215635,0.00167099,0.0227873,0.06467200000000001,9.251350000000001e-05,3.17585e-05,0.00898398,6.27268e-08,0.21498299999999998,0.6884239999999999,1.9992599999999999e-07,0.0298432,0.26247,0.000119926,0.0340877,0.0340877,1.06154e-05,0.0,0.34672800000000004,0.162573,0.0,0.0,0.163942,1.7009e-06,0.0649893,0.00757095,0.19278599999999999,0.734485,2.17353e-08,1.0,1.0,0.0,1.0,-0.0065236999999999995,0.044786800000000015,2.97118e-05,0.000176527,7.23293e-05,-1.44314e-05,0.00035007699999999996,1.49173e-11,0.0,0.0,103.255,1.52471,0.344853,104.78,103.6,0.9990000000000001,-1.0917700000000001,1.7673073884771926e-23,8.0,0.03386683635,0.03294059,0.0005040415299999999,5.221325e-05,0.0637898114408,0.063743094,0.0055314362099,5.851522405e-05,0.0034560214000000002,0.002468687,0.03284286,0.03300444
0.57109,577.095,595.457,498.14599999999996,0.228899,9.009260000000001,0.97345,-2.38482,1.12594,35991.1,5.7019800000000025,0.271042,11.9765,-2.18954,1.32122,3.3306699999999995e-16,-5.34295e-16,2855.92,0.00466371,6.97015,4.35414,2.5349,0.626835,0.06582189999999999,0.0855179,0.171502,0.021506,0.0016589999999999999,0.110241,0.247308,0.000479117,0.00011687,0.033060400000000004,3.11434e-07,0.608695,0.0,1.1375e-06,0.039440300000000005,0.101413,0.000116835,0.0138966,0.0138966,4.35606e-06,0.0,0.413742,0.199768,0.00035016699999999997,0.0,0.231179,4.6155e-07,0.2167280000000001,0.023007,0.683491,5.87746e-07,0.0762218,1.0,1.0,0.0,1.0,-0.00105689,0.0599168,0.00013540200000000002,0.000239423,0.000106027,-1.67084e-05,0.00046834199999999996,1.91792e-11,0.0,0.0,103.323,1.7225400000000002,0.48681199999999997,105.046,103.81,0.998857,-1.08876,1.5472159256376927e-23,8.0,0.033505655530000004,0.03294297,0.00054101633,4.287232200000001e-05,0.18019949234700008,0.06507878,2.370875562e-05,1.6269338503e-05,0.0031225859,0.002446683,0.03294297,0.03297555
1.06123,701.7760000000003,733.7710000000003,675.133,0.2308800000000001,8.776959999999994,0.972982,-2.53962,0.185834,54759.6,6.54496,0.270519,18.0118,-2.21315,0.512299,0.0,-6.938889999999998e-17,4297.15,0.00445451,12.3603,7.36648,5.8637,0.614222,0.064515,0.08922260000000001,0.179384,0.0224944,0.00173722,0.0729701,0.13081500000000001,0.000256383,6.4988e-05,0.018384099999999997,1.90669e-07,0.777457,0.0,5.94521e-07,0.0318448,0.064001,8.4015e-05,0.00905242,0.00905242,2.43073e-06,0.0,0.443579,0.21651399999999998,5.49776e-07,0.0,0.234864,3.04418e-07,0.158168,0.0159047,0.8253739999999999,5.84002e-06,0.00016224700000000002,1.0,1.0,0.0,1.0,0.00161796,0.051051599999999996,-2.29261e-05,0.000305345,0.000156517,-1.0996800000000001e-05,0.00039904599999999996,1.74634e-11,0.0,0.0,103.652,1.3074299999999999,0.23523200000000002,104.959,103.887,0.999287,-1.05344,1.6160051368910234e-23,15.0,0.03381116644,0.03282199,0.000277322533,3.3084423e-05,0.0656934480061,0.064231644,1.891486279e-05,1.9078075239999997e-05,0.0036116414,0.002443357,0.03295773,0.03294297
1.29364,746.298,752.664,675.3810000000002,0.22893000000000002,9.03214999999999,0.9734430000000001,-2.44583,1.19509,60254.9,6.64625,0.28094600000000003,19.3611,-2.0777799999999997,1.56313,4.4408900000000007e-16,-2.22045e-16,4625.15,0.0046968999999999995,15.270999999999999,7.84983,5.82074,0.628765,0.0660218,0.0849598,0.170287,0.0213537,0.00164509,0.0694413,0.139596,0.00024960900000000003,6.93553e-05,0.0196196,1.8299399999999998e-07,0.770968,0.0,5.68754e-07,0.0289238,0.0577128,7.40576e-05,0.00824335,0.00824335,1.8974599999999998e-06,0.0,0.428505,0.20970999999999998,8.286e-05,0.0,0.26669299999999996,2.67667e-07,0.15499000000000002,0.0162129,0.827311,1.6452999999999999e-09,0.00110468,1.0,1.0,0.0,1.0,0.00199559,0.0373427,-4.4168199999999995e-05,0.000304655,0.000157335,-1.0450999999999999e-05,0.00029189099999999996,1.82487e-11,0.0,0.0,103.535,1.24143,0.419041,104.77600000000001,103.954,0.9987889999999999,-1.09428,1.7708455402265163e-23,1.0,0.033343033699,0.03297555,0.00032223369,7.69742e-05,0.0623420578646,0.062301092,1.819251434e-05,1.77372263e-05,0.00294892406,0.002428828,0.03290688,0.03285236
1.02095,630.891,700.8,688.186,0.212655,9.591439999999988,0.9771270000000001,-2.10988,-1.53185,40804.7,3.0758900000000002,0.267383,16.3734,-1.86412,-1.28609,2.22045e-16,-3.747e-16,3933.55,0.00451546,7.992889999999999,5.7580800000000005,5.55351,0.616487,0.06474830000000001,0.0881173,0.178473,0.022380200000000003,0.00173264,0.0658581,0.16761199999999998,0.000246456,8.352799999999999e-05,0.0236288,1.7631599999999995e-07,0.742438,6.58209e-05,5.39128e-07,0.034769699999999994,0.108091,0.000104064,0.015028999999999999,0.015028999999999999,3.23589e-06,0.0,0.41481999999999997,0.20138599999999998,0.0,0.0,0.225701,3.6296100000000004e-07,0.20526,0.0232071,0.770402,0.000609312,7.202139999999999e-08,1.0,1.0,0.0,1.0,0.00092202,0.012249600000000001,-0.00011340700000000001,0.000237564,0.000113442,-1.20571e-05,9.57495e-05,1.68886e-11,0.0,0.0,103.616,2.2428,1.98865,105.859,105.605,0.9992989999999999,-1.06254,1.0304103684471183e-23,8.0,0.033455199107,0.03290379,0.00032120234000000003,5.823906e-05,0.06592741128259999,0.065891438,2.195391689e-05,3.556218265e-05,0.0036608303000000004,0.002471544,0.03282199,0.03323593
1.24216,611.861,723.303,691.0269999999997,0.220737,9.392990000000003,0.975333,-3.4956099999999997,-1.98968,39299.2,0.5739920000000001,0.272102,17.5913,-3.22467,-1.7187400000000002,4.4408900000000007e-16,-4.30211e-16,4226.9,0.00472326,8.0246,7.53556,5.91395,0.629576,0.0661053,0.0845313,0.169996,0.0213171,0.00164628,0.06476939999999999,0.151475,0.00023707400000000001,7.55355e-05,0.0213679,1.7189900000000002e-07,0.7615770000000001,0.00043846900000000003,5.26158e-07,0.0363126,0.100547,0.00010711600000000001,0.0139105,0.0139105,3.4812599999999998e-06,0.0,0.40356,0.195573,0.0,0.0,0.24989699999999998,3.7793500000000003e-07,0.159356,0.017552900000000003,0.703654,0.119032,6.301390000000001e-06,1.0,1.0,0.0,1.0,-0.00103106,0.0671285,2.16115e-05,0.000261875,0.000129984,-1.13178e-05,0.000524712,1.70753e-11,0.0,0.0,103.535,2.09881,0.802975,105.634,104.338,0.998834,-1.09804,1.1531036565644436e-23,1.0,0.03351880752,0.032956400000000004,0.000309128685,0.00012096178999999996,0.0646132677934,0.064576318,5.778275015e-05,0.0014186615635,0.00310994885,0.002464923,0.03285236,0.03290379
0.9700290000000001,602.94,738.115,706.3580000000003,0.218218,9.575170000000009,0.9759,-4.02005,-2.50676,37295.2,2.71322,0.27359,18.4006,-3.78859,-2.2753,3.3306699999999995e-16,-4.92661e-16,4417.88,0.00481894,7.63198,9.31772,6.42625,0.634724,0.0666383,0.0829875,0.16681400000000002,0.0209182,0.0016152999999999999,0.05870980000000001,0.147552,0.000215418,7.3839e-05,0.020888,1.56049e-07,0.736804,0.035697900000000005,4.71599e-07,0.0366704,0.10848599999999999,0.00011007700000000001,0.0149731,0.0149731,3.5755199999999996e-06,0.0,0.395571,0.191531,0.0,0.0,0.25255900000000003,3.76715e-07,0.133689,0.015053700000000001,0.594258,0.256657,4.69514e-06,1.0,1.0,0.0,1.0,-0.00187816,0.07894810000000001,4.80848e-05,0.00025529599999999996,0.000127134,-1.0867599999999999e-05,0.0006171,1.70096e-11,0.0,0.0,104.249,3.04794,1.69128,107.296,105.94,0.99869,-1.1135700000000002,5.023074677944097e-24,6.0,0.03385568143,0.03323593,0.00055437885,3.4792596e-05,0.0754208170877,0.061594351,9.51708844e-05,1.7766463039999998e-05,0.0032477133000000003,0.002440773,0.03323593,0.03290688
1.2281799999999998,653.931,697.482,697.225,0.21646500000000002,9.724300000000003,0.97629,-1.29516,-1.28334,43258.7,2.32198,0.27823400000000004,16.695999999999998,-1.01824,-1.00642,0.0,-1.31839e-16,4012.29,0.00491301,9.75737,5.85538,5.92915,0.639651,0.06714860000000003,0.081527,0.163751,0.020534,0.00158278,0.060851800000000004,0.16315,0.000228664,8.1475e-05,0.0230481,1.6325800000000002e-07,0.752562,1.3793399999999999e-05,4.95168e-07,0.0334218,0.09365280000000001,9.66852e-05,0.013097200000000002,0.013097200000000002,2.70839e-06,0.0,0.39479899999999996,0.19204000000000002,0.0,0.0,0.272807,3.03734e-07,0.203286,0.023347,0.7728109999999999,3.68654e-05,0.0,1.0,1.0,0.0,1.0,0.00259731,-0.0079952,-0.00017674900000000005,0.000253285,0.00012230299999999998,-1.21723e-05,-6.24947e-05,1.77517e-11,0.0,0.0,105.396,4.161569999999998,4.6706400000000015,109.557,110.066,0.998551,-1.12869,1.6218090631769316e-24,9.0,0.033294005737,0.03323058,0.00034349397,4.1612318e-05,0.062222708004199996,0.062183370999999994,0.013842320124,1.5433282848e-05,0.0036350708,0.002437832,0.03290379,0.032956400000000004
1.20844,659.21,703.632,695.665,0.21426599999999998,9.56476999999999,0.976775,-1.49974,-1.13194,44712.3,2.56893,0.269881,16.6078,-1.2191299999999998,-0.8513280000000001,-4.4408900000000007e-16,2.98372e-16,3990.45,0.00457414,9.30519,5.8845199999999975,5.77969,0.6202449999999999,0.0651379,0.0870739,0.176057,0.0220772,0.00170745,0.0643717,0.161619,0.00023847400000000002,8.06809e-05,0.0228234,1.71694e-07,0.750797,5.8239e-06,5.22588e-07,0.0331919,0.0957708,9.6344e-05,0.013410900000000002,0.013410900000000002,2.79825e-06,0.0,0.416133,0.202501,0.0,0.0,0.238808,3.28762e-07,0.201225,0.0226736,0.77555,4.08536e-05,7.0955800000000004e-09,1.0,1.0,0.0,1.0,0.0022066,0.00108779,-0.000147496,0.000247213,0.00011929,-1.19602e-05,8.50276e-06,1.71756e-11,0.0,0.0,103.319,3.18432,3.34703,106.50399999999999,106.666,0.9991770000000001,-1.07263,7.463632543726473e-24,3.0,0.033293287048,0.03295773,0.00051865718,4.0720971e-05,0.0639488422718,0.06391416400000001,3.120350973e-05,0.1142968023,0.0037424946,0.00244399,0.03323058,0.03282199
1.64473,706.811,696.96,701.3480000000003,0.21015599999999998,9.843260000000006,0.977668,-0.023272,-0.225658,50141.6,0.228106,0.273936,16.5,0.313925,0.11153900000000001,1.3322699999999999e-15,-1.3530799999999999e-15,3975.8,0.00468499,11.3328,5.60046,5.78245,0.6265109999999999,0.0657869,0.0851778,0.172206,0.021594299999999997,0.00166803,0.0612784,0.172257,0.00023208200000000002,8.610450000000001e-05,0.0243577,1.6497499999999998e-07,0.741721,0.0,4.9805e-07,0.0299621,0.0882743,8.509969999999999e-05,0.012500200000000001,0.012500200000000001,2.17553e-06,0.0,0.41000200000000003,0.200189,2.18974e-10,0.0,0.25890599999999997,2.97956e-07,0.214761,0.0249919,0.759696,0.0,0.0,1.0,1.0,0.0,1.0,0.00460262,-0.00923884,-0.00017573,0.000240187,0.000114538,-1.21905e-05,-7.22157e-05,1.77125e-11,0.0,0.0,103.37700000000001,4.41212,5.09829,107.789,108.475,0.9990180000000001,-1.09095,3.9256903921557126e-24,1.0,0.033320739225,0.03285236,0.00040614751000000017,4.2679174999999994e-05,0.0651830604918,0.06082229400000001,0.0044892786611000005,3.229293794e-05,0.00297052843,0.002458689,0.032956400000000004,0.03295773
1.38581,700.706,679.8480000000002,684.17,0.209527,9.956419999999996,0.9778030000000001,0.228001,0.0335231,48576.3,2.49513,0.276586,15.8699,0.5315949999999999,0.337117,6.661339999999999e-16,-2.77556e-16,3819.14,0.00479058,11.1521,5.22273,5.4035,0.632469,0.0664042,0.08345,0.168456,0.0211241,0.00162985,0.0624227,0.18471400000000002,0.00024328599999999997,9.19649e-05,0.026015499999999997,1.69833e-07,0.72644,0.0,5.17771e-07,0.030285500000000007,0.0910811,8.67221e-05,0.0128798,0.0128798,2.19382e-06,0.0,0.402957,0.196672,5.6153399999999995e-08,0.0,0.265953,2.8523399999999997e-07,0.226789,0.0267459,0.745879,0.0,0.0,1.0,1.0,0.0,1.0,0.00496101,-0.00825725,-0.00017319,0.00023480299999999998,0.00010996,-1.28127e-05,-6.4543e-05,1.80404e-11,0.0,0.0,103.956,4.31176,4.98311,108.26799999999999,108.939,0.9988469999999999,-1.1083399999999999,3.0896018511806863e-24,11.0,0.033203577101,0.03290688,0.00051363726,6.235689e-05,0.0652005741229,0.06507441900000001,1.94444563e-05,3.161346512e-05,0.00304311904,0.002462805,0.03297555,0.03323058
1.1750399999999999,642.234,759.5160000000003,725.065,0.224946,9.234660000000009,0.9743709999999999,-3.8866,-2.1993400000000003,43853.5,2.7010099999999997,0.275255,19.4827,-3.60065,-1.9133799999999999,-2.22045e-16,8.326670000000001e-17,4670.53,0.00475103,9.566419999999999,9.05451,6.9384,0.631505,0.0663054,0.084071,0.168669,0.0211507,0.00163196,0.0600827,0.129939,0.000209433,6.52958e-05,0.0184712,1.56437e-07,0.790652,0.000529369,4.69771e-07,0.0349205,0.0848822,9.88606e-05,0.011836,0.011836,3.0083099999999982e-06,0.0,0.410533,0.199501,0.0,0.0,0.25814899999999996,3.2993699999999997e-07,0.137697,0.0148269,0.7131890000000001,0.133938,7.36623e-06,1.0,1.0,0.0,1.0,-0.000760972,0.0763174,1.98357e-05,0.000285285,0.000146195,-1.0263199999999999e-05,0.0005965380000000001,1.70999e-11,0.0,0.0,103.785,2.7303,1.38704,106.515,105.17200000000001,0.9987299999999999,-1.10293,7.422695245502162e-24,3.0,0.033617041507,0.03311167,0.00030854545,4.3988e-05,0.060131396393599996,0.060021275,9.536415127e-05,2.4176115019999998e-05,0.0032196465000000002,0.002499097,0.03300921,0.03316497
0.834518,569.904,705.551,677.5039999999998,0.221969,9.24902999999999,0.9750540000000001,-3.74491,-2.46521,34456.4,2.7867,0.26822199999999996,16.596,-3.5328800000000005,-2.25317,0.0,-1.59595e-16,3979.0,0.00460226,6.38511,8.61473,5.98665,0.6225930000000001,0.06538189999999999,0.0865775,0.17436500000000002,0.021865,0.00169047,0.0646058,0.142698,0.000236454,7.09326e-05,0.020065799999999998,1.71419e-07,0.712145,0.060121600000000004,5.305310000000001e-07,0.0389121,0.115503,0.000118663,0.015795,0.015795,4.4781e-06,0.0,0.407808,0.196736,0.0,0.0,0.22501999999999997,4.853309999999999e-07,0.13423800000000002,0.0145216,0.573645,0.27725700000000003,2.68332e-06,1.0,1.0,0.0,1.0,-0.00202086,0.0687741,3.63458e-05,0.000256622,0.00012561700000000001,-1.18952e-05,0.000537575,1.65554e-11,0.0,0.0,103.17200000000001,2.27203,0.954578,105.444,104.126,0.9990530000000001,-1.07794,1.2680206468193774e-23,22.0,0.033539678267,0.03300921,0.00036486212,4.5699842e-05,0.08294809557630001,0.05952145,3.0733369980000005e-05,4.400076868e-05,0.0031803972,0.002415303,0.03307555,0.03306773
0.654716,557.189,653.638,638.031,0.212786,9.789410000000004,0.9770989999999999,-2.4790099999999997,-1.814,31090.8,3.79491,0.269935,14.3939,-2.30705,-1.6420400000000002,5.55112e-16,-6.76542e-16,3455.82,0.00477464,5.76841,5.07379,4.56499,0.631833,0.0663385,0.08370230000000001,0.168775,0.021164099999999998,0.00163601,0.07080189999999999,0.19935,0.00028434,9.81389e-05,0.027762000000000002,1.94246e-07,0.700971,0.0006539180000000001,6.14374e-07,0.0383641,0.140491,0.000122652,0.019141,0.019141,4.54243e-06,0.0,0.38551399999999997,0.18568800000000002,0.0,0.0,0.2305510000000001,4.8838e-07,0.220244,0.0255889,0.6947,0.0588976,2.3658100000000002e-07,1.0,1.0,0.0,1.0,-0.000777531,0.0242874,-6.55212e-05,0.000216409,9.699809999999999e-05,-1.38624e-05,0.000189843,1.71266e-11,0.0,0.0,103.774,1.5979299999999999,0.955767,105.37200000000001,104.73,0.998835,-1.10595,1.3145010169965114e-23,5.0,0.033561828987,0.03309117,0.00052260375,4.205697e-05,0.06009798477780001,0.060042248,0.008282178277,2.479198477e-05,0.0031608781,0.002409368,0.03306773,0.03307555
0.234225,546.062,660.433,649.95,0.21488800000000002,9.74601999999999,0.9766389999999999,-2.71791,-2.26473,29725.8,7.59732,0.271277,14.7624,-2.59219,-2.13901,-1.66533e-16,1.11022e-16,3532.02,0.00484551,5.52156,5.9991699999999994,5.0922,0.635907,0.06676069999999999,0.08257310000000001,0.166151,0.020835,0.00160972,0.0653715,0.179899,0.000258218,8.8829e-05,0.025128400000000002,1.7837499999999995e-07,0.682368,0.046814999999999996,5.59316e-07,0.0392792,0.143002,0.00012586799999999998,0.0194182,0.0194182,4.844380000000002e-06,0.0,0.38461300000000004,0.18498199999999998,0.0,0.0,0.22844899999999999,5.15319e-07,0.187595,0.021673400000000002,0.620264,0.169984,2.7368900000000006e-08,1.0,1.0,0.0,1.0,-0.00116616,0.0172502,-9.16572e-05,0.000223245,0.000101555,-1.35782e-05,0.000134837,1.69784e-11,0.0,0.0,104.43799999999999,1.91705,1.42977,106.355,105.868,0.9986879999999999,-1.11766,8.040909766744879e-24,9.0,0.03362144466,0.03314774,0.00037760952,4.6213697e-05,0.0591864035348,0.059105015,3.866889858e-05,2.592200517e-05,0.0031565471999999996,0.002420647,0.03316497,0.03300921
2.2558700000000003,787.3760000000003,649.104,693.982,0.23520700000000005,8.878809999999998,0.9719450000000001,3.7190800000000004,1.7306,68719.6,0.49612,0.289697,14.8193,4.2363800000000005,2.24789,-4.4408900000000007e-16,-1.52656e-16,3553.26,0.00482867,24.7707,5.34575,6.53719,0.636694,0.0668437,0.08280950000000001,0.165131,0.020707200000000002,0.00158721,0.06587660000000001,0.122884,0.000229155,6.1319e-05,0.017346200000000003,1.7139399999999998e-07,0.7934720000000001,0.0,5.27265e-07,0.020774599999999997,0.0359434,5.0470600000000004e-05,0.00517754,0.00517754,1.22516e-06,0.0,0.329864,0.161768,0.00079397,0.0,0.23029299999999997,2.29523e-07,0.192577,0.0198405,0.787103,0.0,0.0,1.0,1.0,0.0,1.0,0.0121001,0.0731395,-5.134270000000001e-05,0.000326007,0.00016164,-1.40568e-05,0.0005716969999999999,1.85764e-11,0.0,0.0,105.075,1.60466,0.444924,106.68,105.52,0.9984360000000001,-1.1164100000000001,6.834902681783692e-24,4.0,0.033609468338,0.0332606,0.00044792587,3.9678198000000004e-05,0.0679390826939,0.058962497,3.062288526e-05,2.361930397e-05,0.0029948704,0.002389675,0.0332606,0.03319476
2.2122599999999997,768.3530000000003,664.513,711.48,0.24829299999999999,8.34446,0.968685,2.93581,0.803832,69474.0,0.862749,0.288206,15.31,3.48202,1.35005,1.3322699999999999e-15,-1.16573e-15,3656.52,0.00474158,20.7203,6.1948099999999995,7.6093800000000025,0.633057,0.0664681,0.0841956,0.16703800000000002,0.0209462,0.00160539,0.0657837,0.0952178,0.000214578,4.7702e-05,0.013494200000000001,1.66844e-07,0.8251139999999999,0.0,5.11115e-07,0.0265051,0.0371802,6.30715e-05,0.00533499,0.00533499,1.64375e-06,0.0,0.40705,0.199439,1.68761e-05,0.0,0.269965,2.77518e-07,0.165527,0.0154814,0.818592,0.0,0.0,1.0,1.0,0.0,1.0,0.011416200000000001,0.0453892,-0.000143356,0.000373164,0.00019072099999999998,-1.34116e-05,0.000354786,1.81235e-11,0.0,0.0,104.384,0.977615,0.306471,105.361,104.69,0.99844,-1.10319,1.321750690918064e-23,10.0,0.033615823819999995,0.03319331,0.00030621929,4.4021201e-05,0.0798214326195,0.059493362,5.599844682e-05,2.6573420969999997e-05,0.0031979912,0.002386835,0.03314774,0.03310624
1.4298600000000001,770.5269999999997,671.567,721.658,0.244321,8.315520000000001,0.9696940000000001,2.93597,0.63366,69524.6,7.2725100000000005,0.27745,15.3213,3.3861,1.08379,-1.11022e-15,1.31839e-15,3636.6,0.00449785,19.0234,6.22031,7.718269999999999,0.618226,0.0649311,0.0884192,0.176456,0.0221273,0.00170267,0.06628610000000001,0.09434400000000001,0.000213506,4.73715e-05,0.0134007,1.6719799999999999e-07,0.8255440000000001,0.0,5.09359e-07,0.02705,0.0403631,6.48795e-05,0.00579433,0.00579433,1.7372900000000004e-06,0.0,0.43310699999999996,0.21222800000000008,8.10516e-06,0.0,0.240721,2.74389e-07,0.16653900000000002,0.0154737,0.8175859999999999,0.0,0.0,1.0,1.0,0.0,1.0,0.011132799999999998,0.0462226,-0.000137977,0.00036044,0.000183809,-1.3130999999999995e-05,0.00036130099999999996,1.75579e-11,0.0,0.0,103.228,0.9780120000000001,0.27778800000000003,104.206,103.506,0.9990760000000001,-1.06196,2.3548031570614714e-23,2.0,0.033642152398,0.03307555,0.00039530033,0.00010539975000000001,0.058651779212999994,0.058531182,0.023121459808,3.0227345019999997e-05,0.0031386177,0.002396989,0.03314573,0.03319331
1.35713,729.163,635.727,700.716,0.23184200000000002,8.703299999999999,0.9727530000000001,3.0787299999999997,0.213427,59770.9,5.23015,0.269463,13.529000000000002,3.4602699999999995,0.594968,-4.4408900000000007e-16,5.13478e-16,3226.41,0.00440552,14.3321,4.90952,6.55192,0.611143,0.0641959,0.0901404,0.181293,0.0227338,0.00175521,0.06911089999999999,0.11876800000000001,0.000235065,5.935640000000001e-05,0.016791099999999996,1.7822500000000005e-07,0.794304,0.0,5.47172e-07,0.029213599999999996,0.056060000000000006,7.510979999999999e-05,0.00797777,0.00797777,2.1031599999999998e-06,0.0,0.4352720000000001,0.212817,6.614660000000001e-07,0.0,0.228068,3.0208100000000004e-07,0.202691,0.0203299,0.7764770000000001,0.0,0.0,1.0,1.0,0.0,1.0,0.0110478,0.06481,-6.6324e-05,0.000308458,0.000149759,-1.4655499999999999e-05,0.000506589,1.73034e-11,0.0,0.0,104.09700000000001,1.27855,0.21850100000000008,105.375,104.315,0.9993920000000001,-1.04504,1.3125307435455314e-23,1.0,0.033478373752,0.03306773,0.00035477304,5.206515e-05,0.0677429093495,0.059722912,5.406430846e-05,0.0060672282152,0.0033111939000000003,0.0024158720000000003,0.03311167,0.0332606
1.7609,714.959,640.323,699.337,0.234355,8.634229999999999,0.972151,2.5237,-0.0844628,58255.3,1.1563700000000001,0.269969,13.7055,2.94903,0.340864,4.4408900000000007e-16,-4.02456e-16,3280.37,0.00444064,13.515,5.09111,6.61943,0.6136550000000001,0.0644564,0.0894792,0.179637,0.0225261,0.00173795,0.06936,0.115508,0.00023480700000000002,5.770850000000001e-05,0.0163249,1.78553e-07,0.798096,0.0,5.4911e-07,0.030886900000000002,0.057538699999999984,7.974180000000001e-05,0.00816256,0.00816256,2.28973e-06,0.0,0.443291,0.216554,3.44903e-08,0.0,0.242573,3.298020000000001e-07,0.196229,0.019434299999999998,0.783853,0.0,0.0,1.0,1.0,0.0,1.0,0.0101904,0.0382846,-0.000131974,0.000315684,0.000154296,-1.44456e-05,0.000299253,1.72939e-11,0.0,0.0,103.693,1.10142,0.555978,104.795,104.249,0.999294,-1.05132,1.7541021645527587e-23,2.0,0.033550983583,0.03310624,0.0005222942299999999,3.8531563e-05,0.06129214936290001,0.061213061,0.0090316232973,2.880538869e-05,0.0030163111,0.002395964,0.03309117,0.03314774
1.22571,675.409,649.339,449.084,0.24047,8.579140000000002,0.970657,-3.4788300000000003,3.7777800000000004,51937.7,4.36886,0.278208,14.3878,-3.13357,4.12305,4.4408900000000007e-16,-7.63278e-16,3428.64,0.00468,24.8359,15.2363,1.99957,0.628818,0.0660283,0.0852304,0.169926,0.0213083,0.00163888,0.130436,0.260842,0.000583469,0.00012111799999999999,0.034261900000000005,3.79799e-07,0.573651,0.0,1.4809899999999996e-06,0.016728,0.0294341,4.3916000000000004e-05,0.00413769,0.00413769,1.3177299999999999e-06,0.0,0.212126,0.103353,0.505583,0.0,0.128566,1.55001e-07,0.06637919999999999,0.00650154,0.289005,0.0,0.6379520000000001,1.0,1.0,0.0,1.0,-0.00216042,0.000788835,5.2329799999999995e-05,0.000293392,0.000144921,-1.40467e-05,6.1659500000000015e-06,2.10449e-11,0.0,0.0,103.583,3.07191,3.00089,106.655,106.584,0.9986860000000001,-1.09237,6.920875173951478e-24,5.0,0.033619914300000005,0.03316497,0.00041952369000000016,4.5822964e-05,0.058755204031699995,0.058677485,2.788683131e-05,3.015847689e-05,0.0040401645,0.002419728,0.03319476,0.03309117
0.651673,596.5459999999998,627.236,540.013,0.23733,8.688519999999997,0.9714290000000001,-2.61497,0.743746,39808.7,5.9267900000000004,0.273375,13.3112,-2.38805,0.97067,7.771560000000001e-16,-1.49533e-15,3167.62,0.004671,8.16681,4.98997,3.2718599999999998,0.628008,0.0659442,0.08538580000000001,0.170524,0.0213834,0.00164734,0.102619,0.19059700000000002,0.00041408300000000004,9.12912e-05,0.025824700000000003,2.83166e-07,0.6803779999999999,0.0,9.8697e-07,0.0390411,0.0827447,0.000110905,0.0114001,0.0114001,3.9845699999999995e-06,0.0,0.4225,0.20443499999999998,4.0274e-05,0.0,0.23965,4.17846e-07,0.196304,0.019668,0.765074,6.86522e-06,0.0184607,1.0,1.0,0.0,1.0,-0.000440355,0.0746567,0.000137457,0.000283645,0.00013571700000000002,-1.5055699999999999e-05,0.000583557,1.86709e-11,0.0,0.0,103.435,2.57335,1.2393399999999999,106.009,104.675,0.9987440000000001,-1.0906200000000001,9.559565075722156e-24,3.0,0.033606571682,0.03319476,0.00045841548,4.0121223e-05,0.059121412109500004,0.059067765,5.745022703e-05,8.330348545899997e-05,0.0032058283,0.0024063,0.03319331,0.03311167
1.38305,600.078,668.691,639.106,0.24893800000000002,8.193580000000003,0.968519,-2.4262599999999996,-1.14983,43222.8,0.16119,0.27075,14.9022,-2.0851900000000003,-0.808764,-1.11022e-15,9.298119999999999e-16,3557.13,0.00454973,8.953339999999997,6.32972,5.59662,0.621873,0.0653095,0.0874804,0.174022,0.021822,0.0016802,0.082593,0.114079,0.000286799,5.6172e-05,0.0158902,2.1549700000000001e-07,0.78704,8.33204e-06,6.92624e-07,0.039111099999999996,0.06747639999999999,0.000107703,0.0093054,0.0093054,4.01433e-06,0.0,0.43214600000000003,0.209179,0.0,0.0,0.24261,4.4230600000000004e-07,0.162153,0.014700200000000004,0.8222809999999999,0.000473434,4.77775e-06,1.0,1.0,0.0,1.0,0.0014135999999999999,0.0390914,-6.78208e-05,0.000345318,0.00017501599999999998,-1.32444e-05,0.000305559,1.71921e-11,0.0,0.0,103.09100000000001,1.2372,0.361462,104.32799999999999,103.45200000000001,0.998901,-1.07118,2.2154535352613486e-23,3.0,0.03345915681,0.03314573,0.00030443005000000003,3.3828832000000005e-05,0.0689422304539,0.063163735,0.020488326534,2.598435145e-05,0.0029479946,0.00238747,0.03310624,0.03314573
