Sbma,Tb,X_sections
0.998878,9.45831,0.0124147496
0.999878,7.52867,0.0108307488
0.998602,8.127880000000001,0.0123715042
0.998973,9.81898,0.0122857818
0.9464030000000001,5.88748,0.087842374
0.999561,7.9579,0.0111566343
0.997956,8.58412,0.0134182407
0.944016,5.10899,0.09588653300000001
0.997661,7.105739999999999,0.0133793209
0.9980530000000001,8.27705,0.0132578543
0.9996950000000001,8.20917,0.011044590600000001
0.928824,5.16392,0.119498649
0.9510299999999999,5.39728,0.082222225
0.9745510000000001,7.5399,0.051179527
0.999936,7.452160000000001,0.0108146268
0.973907,8.24105,0.055572354000000004
0.947283,5.55486,0.0892483
0.9740780000000001,7.9352100000000005,0.052906857
0.974774,7.99302,0.050663506
0.949523,5.98011,0.08496284800000001
0.9728899999999999,8.101560000000001,0.05587656
0.998409,9.86449,0.014128181200000001
0.9721350000000001,8.00871,0.057231832
0.933426,5.2449900000000005,0.09837935099999999
0.981133,9.03624,0.047506871
0.9999600000000001,5.003419999999999,0.0107841166
0.974216,8.168330000000001,0.053963767
0.97725,8.11384,0.047421779000000004
0.974974,8.113760000000001,0.051291007
0.976585,8.15599,0.04817274
0.998873,5.05478,0.012019415700000001
0.9989809999999999,6.903789999999999,0.011799443799999998
0.9999959999999999,9.23903,0.0107347939
0.997627,8.18568,0.0137621698
0.936897,5.14478,0.102876792
0.9718120000000001,7.8465300000000004,0.056997606
0.9770909999999999,8.140239999999999,0.04818478599999999
0.974801,8.24695,0.05420217
0.999102,8.6212,0.0118882527
0.9999379999999999,8.39087,0.010768688899999998
0.961988,7.0664,0.069520495
0.942526,5.00545,0.10029023699999999
0.998074,8.67203,0.0132904979
0.997633,8.50079,0.013901292800000001
0.998236,8.47739,0.013101296100000001
0.94783,5.39262,0.086431324
0.945636,5.73038,0.088017797
0.9997450000000001,9.01254,0.010935538600000001
0.9996450000000001,9.79177,0.0112572629
0.998333,8.51384,0.0129216534
0.97173,6.675889999999999,0.049677444
0.955817,7.053730000000001,0.077309406
0.9998819999999999,8.12407,0.010835272
0.9975639999999999,8.492410000000001,0.0139445508
0.997184,6.86667,0.0136443029
0.9455809999999999,5.53429,0.08971943800000001
0.945199,5.43229,0.08795937300000001
0.972766,6.760739999999999,0.04916221900000001
0.9758040000000001,7.922280000000001,0.048924402
0.963936,6.08875,0.06007542
0.972461,6.67484,0.048922584000000005
0.9785959999999999,8.22325,0.0447065919
0.9764719999999999,6.66712,0.045741385999999995
0.9990190000000001,8.66622,0.011906965
0.998948,9.67789,0.0122806693
0.9716040000000001,8.13009,0.058280726
0.978224,8.34942,0.04982203599999999
0.998898,8.461960000000001,0.0120813047
0.9426629999999999,5.306080000000001,0.09220630199999999
0.9998379999999999,9.60769,0.0108757985
0.959407,7.192239999999999,0.072836774
0.9738049999999999,8.10604,0.053696642999999995
0.9773440000000001,8.19747,0.048173093
0.99851,9.34191,0.0135573226
0.940725,5.38168,0.090581744
0.9735389999999999,8.00497,0.051961083
0.9999969999999999,6.33295,0.0107331089
0.9576100000000001,6.6316,0.072329146
0.9737020000000001,7.876469999999999,0.052999514000000005
0.977318,6.97969,0.044634209
0.9733879999999999,7.90556,0.054184307
0.9454790000000001,5.82111,0.08621795800000001
0.9982280000000001,8.63466,0.0129392114
0.9767950000000001,9.18037,0.057913575999999994
0.951592,5.6887,0.075328828
0.999991,8.41516,0.010727328000000001
0.999841,9.13538,0.0108387065
0.940327,5.68295,0.097025366
0.999806,8.04129,0.0108937136
0.944426,5.41219,0.092162127
0.9762200000000001,8.05643,0.047481574000000006
0.9477209999999999,5.822080000000001,0.08327043
0.999994,8.3533,0.010737004599999999
0.9711209999999999,7.06532,0.051953448
0.974462,7.933339999999999,0.050614494
0.9753940000000001,7.382339999999999,0.047301460999999996
0.9985450000000001,6.50518,0.012344802700000001
0.946852,6.029,0.085097848
0.931264,5.33509,0.100837328
0.9785290000000001,7.8826,0.044597457
0.9981639999999999,8.46261,0.013099918799999999
0.998655,8.595189999999999,0.0124411781
0.999307,8.808910000000001,0.0114746029
0.9763569999999999,7.947660000000001,0.04735720400000001
0.978672,7.52612,0.04472344
0.9489920000000001,5.3728,0.087404323
0.997984,8.30666,0.0133475182
0.999233,8.658619999999999,0.011732395500000001
0.969202,8.00571,0.06165
0.972806,7.98683,0.056037851
0.997611,7.2662,0.013456554099999999
0.960161,7.019189999999999,0.06884660299999999
0.999994,5.0025699999999995,0.010750590800000001
0.9984850000000001,9.2676,0.0129741546
0.953209,5.52723,0.072729153
0.974059,7.93905,0.052074475999999995
0.9741620000000001,8.01833,0.053500223
0.998318,8.52707,0.012978006100000002
1.0,9.65494,0.010716034
0.944809,5.37062,0.090918814
0.971985,8.24268,0.058289955
0.972715,8.03248,0.05552967599999999
0.975892,8.04764,0.04800188
0.999653,7.682930000000001,0.0110070635
0.9975129999999999,8.28158,0.0139464001
0.9999610000000001,7.623010000000001,0.010788649499999999
0.9781709999999999,7.20223,0.043386982000000004
0.974599,6.826919999999999,0.045902832000000005
0.972474,7.944710000000001,0.052971221
1.0,7.58493,0.010712805
0.999468,9.663039999999999,0.0114634201
0.9993569999999999,9.54895,0.0119621703
0.973666,7.95914,0.051720996
0.999835,9.68465,0.0108803524
0.9460299999999999,5.49329,0.086246001
0.998238,8.535960000000001,0.0131355351
0.9632139999999999,6.0061,0.059477455
0.93445,5.6348199999999995,0.101674986
0.9994569999999999,9.62379,0.0115886809
0.972937,6.6782,0.048256175
0.997186,6.46713,0.0137318263
0.9402440000000001,5.01009,0.104130637
0.976627,8.04509,0.047894241
0.9978610000000001,7.351310000000001,0.0131745396
0.9553709999999999,6.06862,0.072823811
0.9511809999999999,5.518759999999999,0.083658944
0.9744780000000001,7.857539999999999,0.050777732
0.9984709999999999,7.1332699999999996,0.012562621699999998
0.999307,8.76295,0.011554023500000002
0.981504,9.0141,0.046250212
0.983088,9.02793,0.043311626
0.9996860000000001,8.74565,0.011089471799999999
0.975392,7.95563,0.050709791
0.971454,7.81301,0.05504146
0.999648,8.87833,0.0111622473
0.999841,5.77602,0.0108654615
0.9739690000000001,8.02505,0.052000082
0.9990879999999999,8.67216,0.011853199299999999
0.998041,7.325419999999999,0.0130209009
0.99956,9.71826,0.0112459085
0.9788190000000001,7.880489999999999,0.044014617
0.999993,7.690930000000001,0.010734300700000001
0.9706239999999999,7.47761,0.055113417000000005
0.9738969999999999,7.97099,0.054064249
0.998295,6.861330000000001,0.0127258728
0.9986780000000001,8.64392,0.0123825309
0.977125,7.98625,0.046980169
0.970567,6.68112,0.0505631
0.99841,8.74737,0.012837751599999999
0.9993059999999999,9.58339,0.012148265
0.9994280000000001,8.94105,0.011421618799999998
0.9994649999999999,7.824089999999999,0.0111969935
0.998633,8.37774,0.012503934
0.998549,9.58806,0.0129862462
0.9772270000000001,7.95205,0.048746415999999994
0.980309,8.50893,0.046076407
0.9784729999999999,7.334339999999999,0.044233585
0.952435,5.77177,0.073121562
0.9551870000000001,5.895630000000001,0.072729872
0.9981969999999999,8.183489999999999,0.012965456100000002
0.953627,6.74812,0.078139186
0.99911,9.44937,0.0121072926
0.931786,5.134440000000001,0.10320776599999999
0.9728680000000001,7.8338600000000005,0.054021447
0.9978629999999999,8.81152,0.0136892903
0.999704,9.24869,0.011068058200000001
0.979035,7.338189999999999,0.042802332
0.9991120000000001,9.37753,0.012091
0.999591,9.8634,0.0112918222
0.999461,9.558019999999999,0.011777455400000001
0.943825,5.52376,0.09019899599999999
0.9978299999999999,6.10144,0.013142078
0.998724,9.621210000000001,0.0127398571
0.998059,5.55213,0.012810051299999998
0.9961399999999999,6.7929699999999995,0.015902362
0.999604,8.87457,0.011206795
0.9796239999999999,7.37034,0.042113015
0.999124,8.58254,0.011735008600000001
0.945001,5.25242,0.09247748800000001
0.9442889999999999,5.1726,0.08833564599999999
0.998439,6.04451,0.0124471375
0.9795729999999999,8.273019999999999,0.045279253
0.9987290000000001,9.57575,0.0127346697
0.999984,7.85712,0.0107366038
0.977764,8.3092,0.048943995
0.950815,6.14826,0.074651205
0.99969,8.07897,0.0109524335
0.973776,8.409189999999999,0.056466885
0.9995719999999999,6.46057,0.0114078402
0.953564,6.93145,0.08098814900000001
0.9727680000000001,8.36802,0.057162649
0.9999520000000001,5.28795,0.010774993
0.971367,8.43245,0.061980582
0.998951,7.66533,0.012547928100000001
0.9721540000000001,8.3663,0.058328925
0.996692,6.6327,0.014394327
0.9990829999999999,5.56383,0.011635701100000001
0.999524,8.138069999999999,0.0112593208
0.9755379999999999,8.40477,0.052513452
0.972316,8.537139999999999,0.06037603
0.997675,6.43898,0.013409575900000002
0.971086,8.536019999999999,0.062233224000000004
0.9760139999999999,8.46089,0.052772779000000006
0.977167,8.35997,0.049589422
0.9999290000000001,6.595280000000001,0.0107673104
0.999862,7.67497,0.0109456971
0.998935,7.81553,0.0119998268
0.9780409999999999,8.36951,0.047953088
0.9999399999999999,8.59543,0.0107815974
0.998858,7.41345,0.0126651619
0.998828,7.69146,0.012787378500000002
0.9992260000000001,8.25228,0.0116544752
0.971925,8.35246,0.058969295
0.9999620000000001,9.506860000000001,0.010751368999999998
0.9788870000000001,8.39666,0.04663703
0.975548,8.517339999999999,0.054266497000000004
0.9537530000000001,6.94735,0.07901909
0.999165,9.869660000000001,0.0119421193
0.998768,7.41528,0.012837257900000001
0.967743,8.31644,0.065561966
0.9998950000000001,5.20788,0.010820923400000002
0.974633,8.47914,0.055635145999999996
0.999325,5.66937,0.01138974
0.997634,6.93239,0.0134484279
0.970859,8.527460000000001,0.062720649
0.968571,8.38155,0.065540048
0.977557,8.44561,0.048751817
0.964822,7.232539999999999,0.065066626
0.978798,8.39752,0.046578028
0.953443,6.96432,0.081631171
0.9977600000000001,5.84259,0.013207369299999999
0.999632,6.557689999999999,0.0109948042
0.999906,5.506390000000001,0.010783514499999999
0.9992790000000001,7.921010000000001,0.0120455602
0.99877,6.5214,0.012020821899999999
0.977799,8.3707,0.048269222
0.9755229999999999,8.39506,0.052953587999999996
0.9994120000000001,6.45892,0.011345278600000001
0.971541,8.40975,0.060161452000000004
0.968158,6.19699,0.056944905999999997
0.998816,6.2283800000000005,0.0120733449
0.9978459999999999,6.61278,0.0131664026
0.9996430000000001,9.76308,0.0111313501
0.9714079999999999,8.354560000000001,0.059418936
0.999599,5.23831,0.0111066979
0.999503,7.837160000000001,0.011604332299999999
0.978474,8.35674,0.047167274
0.998073,6.70435,0.013756700600000001
0.95381,6.942830000000001,0.08114156900000001
0.978403,8.440380000000001,0.047299701
0.998828,9.34591,0.013235872
0.976677,8.52157,0.05232029
0.9982270000000001,7.601789999999999,0.0135395445
0.999135,5.57426,0.0117584966
0.997244,6.25146,0.013758506
0.9987010000000001,9.7494,0.012669196399999999
0.9989290000000001,7.33971,0.012518525700000002
0.9975280000000001,6.78158,0.013504258600000001
0.9786790000000001,8.51521,0.048660006
0.9989290000000001,5.18729,0.011938926599999998
0.9777110000000001,8.40477,0.049152127999999996
0.974131,8.30729,0.055581921
0.9993190000000001,7.76934,0.011908031999999999
0.971324,8.37447,0.059929320999999994
0.997316,8.09857,0.0140891074
0.977045,8.44412,0.049821983
0.97346,8.33165,0.056288464
0.976449,8.46725,0.052290388
0.9999459999999999,8.75202,0.0107939349
0.9984379999999999,7.29202,0.0123825375
0.998129,9.3571,0.014674345200000001
0.999517,8.93033,0.0113130156
0.997548,7.832269999999999,0.0137945616
0.953275,6.9002,0.081253938
0.9766459999999999,8.44979,0.05100251
0.9722940000000001,8.37536,0.058383079000000004
0.998986,6.22467,0.011852243
0.998466,7.8252,0.012665282
0.99885,7.5427800000000005,0.0126171563
0.9695010000000001,8.31047,0.062844051
0.999074,8.87193,0.0120756518
0.974141,8.387369999999999,0.054819847000000005
0.9990879999999999,7.88859,0.011815351699999999
0.9997969999999999,7.041739999999999,0.010878798200000001
0.997416,6.49598,0.014783898500000002
0.997928,8.345839999999999,0.0144982702
0.977927,9.68934,0.055409174000000005
0.999233,5.98716,0.0115438696
0.999999,5.132709999999999,0.0107261434
0.999749,9.541039999999999,0.011024912900000001
0.969744,8.4164,0.062825132
0.9743709999999999,9.23466,0.058962497
0.999866,6.43761,0.0108287241
0.974659,8.374039999999999,0.053655699
0.973794,8.34336,0.056249817
0.999966,5.23875,0.010777712
0.9980469999999999,7.5792600000000006,0.0140354353
0.998431,8.61233,0.012768733999999999
0.977799,8.3685,0.047875453
0.998871,5.46815,0.0120384139
0.999015,9.33153,0.0128220271
0.9698129999999999,8.545639999999999,0.064868784
0.9774729999999999,8.40011,0.048900991
0.999734,8.339789999999999,0.010975520400000001
0.9768690000000001,8.39627,0.050222551
0.9534100000000001,6.92374,0.08071439700000001
0.99975,5.0198,0.010932069099999999
0.999908,9.79463,0.010799425500000001
0.999602,6.11174,0.0110735924
0.999469,6.669410000000001,0.011249193000000001
0.9996659999999999,8.96279,0.0110886125
0.968517,8.477910000000001,0.066909537
0.9981260000000001,6.559139999999999,0.0128258622
0.977742,8.37748,0.04822395
0.998051,7.24967,0.0128383937
0.999664,7.455489999999999,0.0112195279
0.9974559999999999,6.07052,0.013526779
0.9997360000000001,9.474739999999999,0.0110309492
0.975783,9.50788,0.058366089
0.9744120000000001,8.4597,0.055436106
0.999899,8.60943,0.010836891100000001
0.978916,8.42756,0.047370812000000005
0.977382,8.412139999999999,0.049846262999999995
0.997136,6.76222,0.013913552
0.999128,7.030139999999999,0.0117617255
0.998381,5.68487,0.0125267292
0.9766,8.354389999999999,0.050386802
0.998067,6.26294,0.012749805
0.9705360000000001,8.39423,0.062417203
0.999653,9.51095,0.011186247600000001
0.974073,8.37522,0.054588199999999996
0.99666,6.49739,0.014443524
0.977993,8.50716,0.04987909099999999
0.970849,8.37082,0.06108961
0.9999879999999999,6.886360000000001,0.010734119299999999
0.999274,8.88991,0.011659196200000001
0.928566,5.4132,0.117224485
0.977806,8.38751,0.048159322000000004
0.997057,6.4345300000000005,0.0139831193
0.999123,7.49947,0.0122546796
0.999994,6.777880000000001,0.0107188132
0.9997540000000001,7.669789999999999,0.0109385431
0.9979309999999999,6.75405,0.0140423824
0.976023,8.5258,0.053483151
0.929398,5.12429,0.119130684
0.999554,6.40446,0.0113787126
0.9993059999999999,7.8813,0.0119279356
0.9981040000000001,6.38869,0.0128452948
0.999532,5.10743,0.011197555500000001
0.971758,8.35252,0.058959759
0.999764,9.66606,0.0109194886
0.9711280000000001,8.40547,0.061491807
0.9715010000000001,8.36021,0.05978466599999999
0.998308,8.894810000000001,0.014124304499999999
0.999195,8.99613,0.0118703251
0.998547,9.315669999999999,0.013818892099999999
0.9996079999999999,7.87453,0.011104854499999999
0.977757,8.428180000000001,0.04895694
0.979226,8.51574,0.047961353
0.998293,7.45707,0.0135883645
0.973033,8.41579,0.05751056400000001
0.997124,6.872539999999999,0.0137913428
0.975303,8.34482,0.052328992000000005
0.971515,8.54055,0.06147650599999999
0.998778,7.681089999999999,0.0128166062
0.997732,6.80657,0.0132831616
0.975664,8.33794,0.052710966
0.975403,8.5111,0.054851514000000004
0.999935,9.72931,0.0107893071
0.9719639999999999,8.54379,0.061025200999999994
0.997209,7.70057,0.0141052574
0.99884,5.76886,0.0119773906
0.967342,8.31939,0.06646843200000001
1.0,8.96878,0.010726112
0.9999950000000001,9.73005,0.010731248799999999
0.9991549999999999,8.74595,0.0123370683
0.9718389999999999,8.53021,0.060812142
0.95345,6.91717,0.081066983
0.998857,6.16539,0.0119078973
0.997624,8.3596,0.0149531727
0.9990450000000001,5.2885,0.0117424318
0.972023,8.37219,0.058549754
0.972108,8.40841,0.059496935
0.9989469999999999,7.7124,0.0125972401
0.9987469999999999,6.29787,0.012122809299999999
0.999159,6.4252199999999995,0.0114777198
0.9524889999999999,6.90792,0.08243745400000001
0.974984,8.34759,0.052784443
0.970616,8.3683,0.061667594000000006
0.9999620000000001,8.2936,0.0107754767
0.9979899999999999,8.06702,0.013118271
0.9759950000000001,8.5266,0.05344064900000001
0.9988020000000001,5.42545,0.012080633
0.970736,8.35568,0.061048566
0.998383,9.264610000000001,0.0141538345
0.998655,7.381880000000001,0.0130014322
0.953515,6.9006,0.080600861
0.953341,6.9088899999999995,0.081079688
0.997767,6.590260000000001,0.0142441922
0.9754430000000001,8.348410000000001,0.05223572
0.9979790000000001,7.58903,0.0142115651
0.999856,5.27149,0.010896331399999999
0.997775,7.17762,0.0132099454
0.999441,6.33036,0.011237956200000001
0.9748690000000001,8.3805,0.053565117999999995
0.999676,7.9056,0.0112715877
0.999352,9.30923,0.011647175800000001
0.972426,8.55283,0.060524605
0.998252,7.584339999999999,0.013552618700000001
0.9775440000000001,8.44742,0.048934390999999994
0.97216,8.38411,0.059550635
0.9990709999999999,7.736330000000001,0.0123654241
0.999374,7.14155,0.0113104201
0.998382,8.11381,0.0135837483
0.999411,7.67594,0.011750672700000001
0.9742940000000001,8.38637,0.054430618
0.999202,7.8487100000000005,0.012153166399999998
0.9732200000000001,8.54604,0.058621942999999996
0.97483,8.5096,0.055100317
0.972641,8.531089999999999,0.059590163
0.9766530000000001,8.43718,0.050745636
0.969698,8.4015,0.064436025
0.9614959999999999,6.95827,0.068618304
0.999635,9.00486,0.0111547984
0.976656,8.34591,0.051125399
0.9983200000000001,6.18899,0.0125935374
0.999814,6.49961,0.0108890126
0.999909,7.190239999999999,0.010792986000000001
0.999713,8.63382,0.0109857428
0.999866,6.3796,0.010850462
0.999993,6.997910000000001,0.0107374157
0.997033,6.7565800000000005,0.014045698700000001
0.999814,5.88165,0.010852300300000001
0.999944,7.56371,0.010783514499999999
0.9989709999999999,7.224810000000001,0.011770190900000001
0.999885,5.775580000000001,0.010832362
0.9985729999999999,7.141610000000001,0.012363677
0.9990879999999999,7.86437,0.0118907707
0.998224,7.67352,0.012867929699999999
0.999258,8.45907,0.011752334599999999
0.997131,6.161980000000001,0.013959305600000001
0.9999809999999999,7.168539999999999,0.0107508055
0.999559,6.21406,0.011137888700000001
0.9993709999999999,9.61232,0.0115904415
0.9991559999999999,8.564160000000001,0.0118915946
0.999875,6.4379800000000005,0.0108512243
0.9996219999999999,9.73279,0.0112118779
0.999775,9.78627,0.01094174
0.999908,9.28505,0.010869988700000001
0.999777,9.625210000000001,0.0110309154
0.998718,6.42758,0.0121458775
0.996715,6.728269999999999,0.014304240400000001
0.9980540000000001,6.11235,0.012895168
0.9993120000000001,6.136,0.0112771873
0.9996700000000001,5.57178,0.0110777064
0.998403,5.23629,0.0126174287
0.998857,5.31111,0.0120573817
0.9995379999999999,8.23681,0.0112642843
0.947262,6.14332,0.087875631
0.9977600000000001,6.28621,0.0132559805
0.999582,6.8025,0.0110553629
0.9999979999999999,6.95355,0.0107259148
0.9999979999999999,8.689919999999999,0.0107013877
0.997286,6.42226,0.013750688600000002
0.999518,8.37407,0.0111479404
0.999495,7.318280000000001,0.0111081844
0.927683,5.53809,0.116351106
0.999792,9.581539999999999,0.010915642199999999
0.9990370000000001,6.736330000000001,0.0117443867
0.999009,6.14254,0.0117502634
0.998552,7.565169999999999,0.0124120317
0.948149,6.0736300000000005,0.086703727
0.9998889999999999,9.600610000000001,0.010810710500000001
0.999649,8.647910000000001,0.0111019575
0.9995780000000001,8.071639999999999,0.0112014281
0.99869,7.43045,0.0122484207
0.999942,9.71667,0.010800449299999999
0.9987090000000001,5.43034,0.0122359269
0.9763280000000001,7.52124,0.048591824000000006
0.999625,7.20472,0.01104283
0.9977379999999999,6.7083699999999995,0.0132416728
0.998281,5.43163,0.012764778000000001
0.998181,9.50415,0.0135090874
0.998993,6.949560000000001,0.011861645700000001
0.9982790000000001,5.91903,0.013366169099999999
0.9999959999999999,7.92143,0.0107335769
0.9997739999999999,6.05503,0.010884426
0.9978899999999999,6.97382,0.0130957365
0.9999610000000001,6.8358,0.0107947757
0.949574,6.22573,0.084278558
0.999991,7.22881,0.010743160900000001
0.9980629999999999,6.25747,0.012923036399999999
0.9983629999999999,9.5293,0.013246851399999999
0.9990120000000001,5.04902,0.0119394195
0.974925,8.09296,0.053328474
0.999439,5.14321,0.0113562215
0.9995129999999999,7.25011,0.011403266499999998
0.9984129999999999,8.89953,0.012820151399999999
0.999706,9.6513,0.0110697476
0.999634,5.15726,0.011109974199999999
0.999482,6.710189999999999,0.011233813
0.999949,6.16676,0.010759508999999999
0.99995,6.53592,0.0107731512
0.9994770000000001,7.8975,0.0112990534
0.999616,7.112,0.011020781499999998
0.9994770000000001,9.39204,0.0114155397
0.998599,9.41512,0.0129088603
0.999741,7.664219999999999,0.010896811299999998
0.9618270000000001,6.55119,0.062341572000000005
0.999899,7.748360000000001,0.010820748500000001
0.9974200000000001,6.87922,0.0135826599
0.998088,6.2426900000000005,0.012867934099999999
0.9990600000000001,8.12989,0.0117754018
0.999978,7.7972600000000005,0.0107701658
1.0,8.50468,0.010713493000000001
0.9795440000000001,7.48575,0.04388504
0.999985,7.700069999999999,0.0107506593
0.9988319999999999,8.4691,0.0121684001
0.9995129999999999,7.042210000000001,0.011252428500000002
0.9999950000000001,7.147710000000001,0.0107168296
0.999866,6.30645,0.010816296999999999
0.999762,6.78339,0.010913691100000001
0.999999,5.074269999999999,0.010725933500000001
0.9995040000000001,8.23887,0.0112437426
0.998476,7.215839999999999,0.0122982127
0.9987149999999999,5.4766699999999995,0.012214225300000001
0.999976,7.03895,0.0107635608
0.997842,8.28295,0.0135336536
0.999541,5.307119999999999,0.0111475307
0.999785,5.22181,0.010934060800000001
0.99831,5.2499,0.0127526346
0.9990680000000001,7.913060000000001,0.0118889719
0.999677,9.13988,0.0111573356
0.998128,7.14058,0.0128894105
0.996785,7.240819999999999,0.0144513152
0.9999299999999999,5.68888,0.0107714705
0.999144,9.668989999999999,0.0126057631
0.997783,7.14832,0.0131450145
0.999491,9.21953,0.011327953500000001
0.99764,6.6798399999999996,0.013179876200000001
0.954181,6.80973,0.080062275
0.9994709999999999,6.2265,0.011261998300000001
0.999868,8.7588,0.0108884668
0.998926,9.61927,0.0130300799
0.9985440000000001,5.72792,0.0122619678
0.999972,8.645760000000001,0.0107433057
0.997915,8.00977,0.013331058
0.9440219999999999,5.59554,0.09319074699999999
0.9990209999999999,6.2026,0.0118015921
0.9994299999999999,5.10433,0.0112026366
0.9988030000000001,7.49487,0.0121561047
0.999116,6.879339999999999,0.011680717299999999
0.9967719999999999,6.76233,0.0143866025
0.999208,9.753739999999999,0.012449163000000001
0.9998530000000001,5.37116,0.0108778878
0.999919,8.85577,0.0107995226
0.999023,5.50484,0.0117015386
0.9999950000000001,7.42685,0.0107253208
0.9982840000000001,7.26245,0.012772917
0.9990120000000001,8.19909,0.0120267899
0.999943,6.663869999999999,0.010817555800000002
0.9999389999999999,8.40596,0.0107687353
0.9984360000000001,6.13229,0.012346016699999999
0.999807,7.0117899999999995,0.010877546299999999
0.999516,5.3022,0.0112256409
0.99771,6.63243,0.0133639151
0.998175,5.84692,0.012784097900000001
0.9999370000000001,7.5865800000000005,0.010788948000000001
0.9979,6.51639,0.0130645551
0.9999129999999999,9.46767,0.010796363400000002
0.999548,8.94133,0.0110547128
0.998893,5.656280000000001,0.0119934941
0.997088,6.919160000000001,0.014053135800000002
0.9997,9.590910000000001,0.0111369853
0.997763,6.08516,0.014121367
0.999244,5.07383,0.0114865954
0.9987809999999999,5.87359,0.012000321299999998
0.9995719999999999,5.3817699999999995,0.0110802293
0.9999239999999999,5.23813,0.0108090361
0.976707,9.4056,0.05500171
0.9999040000000001,8.82439,0.0108181392
0.9993770000000001,5.04015,0.0113675944
0.999725,7.740469999999999,0.0109538769
0.9999709999999999,9.77713,0.010774218300000001
0.9991690000000001,5.64349,0.011594601999999999
0.9988020000000001,5.91624,0.0120740551
0.9997729999999999,8.99508,0.0109726901
0.9994270000000001,8.87411,0.011413647800000001
0.999919,9.55228,0.010798023600000001
0.997202,7.59686,0.014054647
0.9983920000000001,6.192740000000001,0.0123379206
0.999992,7.4122699999999995,0.0107253292
0.998967,5.4911900000000005,0.0119496169
0.9572350000000001,7.16343,0.076505321
1.0,7.7459,0.010714653000000001
0.997762,7.748939999999999,0.013443605400000001
0.9995780000000001,6.26339,0.0111223974
0.9970700000000001,7.94853,0.014149557
0.999352,5.64538,0.011377584599999999
0.999344,6.644419999999999,0.0113878504
0.999965,5.5692900000000005,0.0107586477
0.9997780000000001,6.0794,0.0109252922
0.998975,6.55276,0.011881063300000001
0.999999,7.56058,0.010726038
0.9982549999999999,6.42402,0.0126883683
0.999908,5.182519999999999,0.0108124742
0.99859,6.809239999999999,0.0123802321
0.974425,7.759189999999999,0.053674877999999995
0.9999889999999999,5.69422,0.010722764899999999
0.9993709999999999,9.65041,0.012175306299999999
0.9997229999999999,8.3207,0.010978066000000002
0.999566,5.5921199999999995,0.011098413799999998
0.963526,7.542210000000001,0.06961686
0.998189,9.44406,0.0142838693
0.996634,6.50866,0.0143981349
0.997771,6.44195,0.013179511599999999
0.999948,5.71551,0.010769056200000002
0.9995149999999999,6.886360000000001,0.0111386418
0.998873,7.44734,0.012002237800000001
0.9979979999999999,7.89895,0.0141887177
0.999771,7.63655,0.010892656399999999
0.9995280000000001,8.13344,0.0113157348
0.996265,6.932060000000001,0.014907843
0.99989,6.17045,0.0108103275
0.9995639999999999,7.27883,0.0113339731
0.9980600000000001,6.82442,0.012901560900000001
0.979188,7.4704,0.044084299
0.9996440000000001,5.40505,0.0110247276
0.9985959999999999,7.46442,0.012430251100000001
0.9988370000000001,6.6955800000000005,0.0119800799
0.9966430000000001,6.739039999999999,0.014458323
0.999114,5.5845400000000005,0.0116451135
0.98254,9.6445,0.048782697
0.9992709999999999,6.49795,0.011467568000000001
0.9988459999999999,9.54717,0.0130653928
0.9998600000000001,6.612830000000001,0.010851791599999999
0.997972,6.726260000000001,0.012949044199999999
0.9751639999999999,7.689769999999999,0.051652255
0.999351,6.53022,0.0114000569
0.999926,7.78137,0.0107976058
0.999951,5.4042900000000005,0.0107716648
0.999619,5.28546,0.0110480573
0.9995299999999999,7.05673,0.0112239672
0.996806,6.89837,0.014260078
0.9976,6.40635,0.013417469599999999
0.999835,6.281540000000001,0.010857947
0.9989530000000001,7.3783,0.011884007
0.999885,7.64095,0.010838351599999999
0.999181,7.16752,0.011570935800000001
0.99959,8.78694,0.011252568000000001
0.9998790000000001,7.392639999999999,0.010828751200000002
0.999016,6.45835,0.0118315175
0.999503,6.502759999999999,0.011252627
0.9528979999999999,6.90678,0.081360577
0.999765,5.83586,0.010898846100000002
0.998784,6.17945,0.011959077
0.998782,8.11481,0.012160180800000002
0.997978,7.19928,0.012947271699999999
0.999927,5.23604,0.010800245900000002
0.9992129999999999,7.711880000000001,0.0115862332
0.999742,5.56599,0.0109105722
0.9986700000000001,5.91665,0.012783746499999998
0.99987,8.97253,0.010835990600000001
0.999574,7.45892,0.011093577299999999
0.999332,6.56055,0.01141434
0.999948,5.16411,0.010750844099999999
0.999992,8.27838,0.0107197982
0.9995290000000001,5.1003099999999995,0.0112557472
0.999991,5.89807,0.0107412497
0.999134,7.4733,0.0116674166
0.998179,6.79253,0.0126576698
0.998771,6.18041,0.012017456299999998
0.9997879999999999,8.93877,0.0109520098
0.999821,6.3066699999999996,0.010856215800000001
0.996941,6.49761,0.014040094
0.9713280000000001,8.68084,0.064272103
0.999923,6.819030000000001,0.0107863611
0.996715,6.48074,0.014372206299999999
0.999986,7.02309,0.0107401609
0.9993,7.30147,0.0114919406
0.998718,6.82677,0.0121410332
0.998691,6.07555,0.012206179199999998
0.998267,7.50892,0.0128140715
0.999151,8.23758,0.0117304107
0.9501200000000001,6.14032,0.083441621
0.996604,6.67235,0.0145614256
0.9984930000000001,6.924339999999999,0.012427508600000001
0.99997,7.7215300000000004,0.0107785604
0.974733,7.757619999999999,0.05301122900000001
0.9701719999999999,7.050210000000001,0.055697685999999996
0.998821,7.66568,0.0122151929
0.999966,5.34331,0.0107411111
0.9992790000000001,7.74863,0.0114556532
0.999081,8.464839999999999,0.011836253799999998
0.9972209999999999,6.151730000000001,0.013758818999999999
0.9994879999999999,7.764889999999999,0.011220943600000002
0.999175,5.96833,0.011537596
0.9996510000000001,8.622689999999999,0.0111443313
0.9999299999999999,5.39625,0.010792756499999999
0.999189,5.94993,0.0114803705
0.9987360000000001,7.954560000000001,0.0123036191
0.9980469999999999,9.692219999999999,0.0138068265
0.9979309999999999,5.88366,0.013047221599999999
0.996282,6.621110000000001,0.014778963
0.999014,8.73263,0.0120878602
0.976,8.42683,0.053920283
0.9990459999999999,8.313460000000001,0.0118562282
0.999983,8.26559,0.0107293106
0.999959,6.0852,0.010777538
0.9999100000000001,6.31659,0.0107888583
0.998944,6.89796,0.0119465225
0.997401,7.03418,0.0136716501
0.9996229999999999,8.81447,0.011133432
0.9997459999999999,5.4885,0.010927049099999999
0.998865,7.26272,0.0121211442
0.999556,7.975219999999999,0.0111262355
0.9980889999999999,5.59359,0.0128449346
0.997627,7.61035,0.013547511399999998
0.972412,7.04519,0.052463937999999995
0.99934,8.52951,0.011538294199999998
0.9975510000000001,7.3192699999999995,0.0135464314
0.973979,7.29904,0.051259013
0.9999110000000001,5.4003,0.0108027034
0.999238,6.29892,0.011503547099999999
0.999964,7.25944,0.010764521200000002
0.9996729999999999,9.275910000000001,0.0110068601
0.998024,5.86383,0.0129663085
0.9998370000000001,6.6706,0.010860568000000001
0.996508,7.24149,0.0148685065
0.998859,6.19899,0.0119049642
0.9977959999999999,8.40208,0.0135782699
0.999199,8.51704,0.011759628999999999
0.998778,6.15682,0.012084404299999999
0.9985719999999999,7.01824,0.0124010172
0.9996649999999999,6.23528,0.0109854941
0.9379,5.8190800000000005,0.101831567
0.999992,7.721139999999999,0.0107493299
0.999978,5.75171,0.0107446178
0.9996389999999999,5.81401,0.0111360598
0.9999600000000001,9.86375,0.0107732717
0.9967299999999999,6.9778199999999995,0.0144695901
0.9998670000000001,5.28471,0.0108621092
0.998209,5.5351,0.012834390800000001
0.997044,7.3547199999999995,0.0142158135
0.997749,8.89526,0.0139521234
0.9750459999999999,8.16596,0.054257368
0.998273,9.63902,0.0143713603
0.9991049999999999,5.51335,0.0115067026
0.9988790000000001,9.426219999999999,0.012457363600000002
0.998826,7.154660000000001,0.0120470296
0.997726,8.243030000000001,0.013670698600000001
0.998408,7.53052,0.0126717299
0.9997520000000001,7.90579,0.0109828941
0.973268,7.02453,0.051340447000000004
0.9994069999999999,5.256959999999999,0.0113585223
0.9997370000000001,5.29427,0.010987938300000001
0.9990600000000001,7.8086899999999995,0.011829749399999999
0.974341,9.25353,0.056983195
0.99849,5.97326,0.012445644099999998
0.9997360000000001,7.550330000000001,0.010940011599999999
0.999416,5.89864,0.01124378
0.9971030000000001,6.61097,0.0138870276
0.998732,7.5810699999999995,0.012305179599999999
0.9990549999999999,9.58243,0.012744179599999999
0.999556,7.95863,0.0111939426
0.999426,8.28802,0.0113684135
0.99889,5.99507,0.0119895215
0.998818,7.7237,0.012216765800000001
0.9979120000000001,5.79438,0.0130202594
0.9987959999999999,9.864339999999999,0.0126768331
0.9986959999999999,7.2034899999999995,0.0121770651
0.9999899999999999,5.8544599999999996,0.0107436225
0.998657,5.95961,0.0122182134
0.9746020000000001,7.26433,0.049795902999999996
0.9994200000000001,9.54459,0.0114797206
0.997217,6.879060000000001,0.013830588000000001
0.9999709999999999,6.862589999999999,0.010797578799999999
0.999999,7.645,0.010701635
0.999762,5.89389,0.0109513973
0.9994069999999999,5.887230000000001,0.0113456931
0.998442,9.425180000000001,0.013136120800000001
0.9978819999999999,7.35382,0.013129476000000001
0.9974190000000001,6.6545,0.0135979935
0.99925,9.44973,0.0118971422
0.9983049999999999,5.69644,0.012660055900000002
0.998865,8.3247,0.012174456699999999
0.997301,6.46729,0.01362707
0.998727,7.521910000000001,0.0122857977
0.999791,5.02644,0.0108955173
0.9999110000000001,9.383189999999999,0.010805006
0.9987159999999999,5.2787,0.0122884507
0.948189,6.0845199999999995,0.086876063
0.9999129999999999,7.4755899999999995,0.0108077506
0.9989610000000001,5.10771,0.0119694776
0.999707,6.36382,0.010934225300000001
0.9989889999999999,7.711069999999999,0.0120266596
0.999985,9.146889999999999,0.0107473735
0.998411,7.38806,0.012609366799999999
0.999999,8.34528,0.0107124309
0.999642,7.976369999999999,0.0110950106
0.9995139999999999,8.743310000000001,0.0113116721
0.9970180000000001,6.48261,0.0140289319
0.999984,8.28755,0.010729766699999999
0.9991469999999999,5.3341400000000005,0.0115122982
0.999367,5.07224,0.0114879219
0.998268,5.63743,0.0126244283
0.996626,7.19157,0.0146393183
0.997791,8.01443,0.0134063797
0.9994190000000001,8.78085,0.0114823571
0.999858,8.60887,0.010880871299999999
0.9988540000000001,5.35001,0.0118907235
0.998434,7.74087,0.012714698100000001
1.0,8.55128,0.010719577
0.998275,8.17009,0.0129564308
0.996402,6.95067,0.0147817894
0.9982030000000001,5.87478,0.012770203400000001
0.997334,6.07493,0.013664645100000001
0.99945,5.76194,0.0112699373
0.9988670000000001,7.81893,0.0120553274
0.999532,8.75337,0.011342938700000001
0.9986229999999999,6.4271,0.012233241399999999
0.999984,7.52906,0.0107390511
0.997635,6.18211,0.0133187671
0.998704,5.31975,0.0120860976
0.9992700000000001,6.60607,0.011400168300000001
0.997576,6.63998,0.0132752283
0.9992850000000001,9.21675,0.012140791299999999
0.9973059999999999,7.76995,0.0139959273
0.999499,9.41151,0.0113522765
0.9995950000000001,6.54714,0.0111538966
0.9982059999999999,5.55353,0.0128295671
0.9988879999999999,5.46575,0.012032829699999999
0.982569,9.22759,0.046589884000000005
0.9979549999999999,6.07116,0.012848186599999999
0.999431,5.25202,0.011246019099999999
0.999969,9.71225,0.0107772496
0.999865,5.750380000000001,0.0108531509
0.999231,6.53421,0.0115001401
0.999915,5.21865,0.0108186716
0.973184,7.7752300000000005,0.05554175
0.9980370000000001,7.7784,0.013186205500000001
0.999735,8.47286,0.0109894295
0.997506,6.631489999999999,0.013490922800000001
0.926082,5.33655,0.11610016
0.999409,6.85681,0.011317871
0.998555,6.999210000000001,0.0129041733
0.9993879999999999,6.06208,0.0112846755
0.999318,7.25113,0.0114316701
0.998714,6.29795,0.012077351799999999
0.999698,7.04593,0.0110061317
0.9994290000000001,7.3224,0.011418416
0.998985,6.13753,0.0117721548
0.9994700000000001,5.3150900000000005,0.0111584681
0.999539,5.971,0.011159624
0.999813,6.164,0.0108770687
0.9968239999999999,6.99516,0.014261053000000001
0.997706,7.314939999999999,0.0134233889
0.999556,5.25408,0.0111006401
0.99772,7.563969999999999,0.013270788600000001
0.999941,5.70711,0.0107691837
0.998742,7.21547,0.0121905396
0.99995,7.9519,0.0107749035
0.97146,7.09921,0.054234437
0.9995,6.615710000000001,0.0111849349
0.999991,6.09439,0.0107395264
0.999397,7.794739999999999,0.011349894
0.997692,7.73566,0.0133702301
0.9997,5.93422,0.0109597975
0.999793,5.8960300000000005,0.0108935744
0.999833,5.778169999999999,0.0108681267
0.9999030000000001,5.93623,0.0108008993
0.99984,7.34445,0.0108559473
0.9984350000000001,5.2028099999999995,0.012553469499999999
0.999466,5.1141,0.0111572287
0.9996709999999999,8.97592,0.0109665747
0.9983120000000001,6.58985,0.0125483317
0.9987590000000001,5.13126,0.0121635782
0.9995280000000001,8.51414,0.0112034409
0.999735,5.8314,0.0109118723
0.998704,6.6024899999999995,0.0120968026
0.9999049999999999,8.428139999999999,0.010811318600000001
0.99813,6.05283,0.0127974722
0.9991709999999999,5.09736,0.011629311399999998
1.0,6.1204,0.010716235
0.9990479999999999,9.20756,0.012063016499999999
0.99695,7.65667,0.0142833947
0.997518,7.19839,0.013505041399999999
0.99934,9.63367,0.0115970333
0.9998049999999999,8.28388,0.010888054099999999
0.9999319999999999,5.55247,0.0107764471
0.9993489999999999,8.25617,0.0115299626
0.999635,5.84028,0.011098829
0.997439,6.8144800000000005,0.013597616000000002
0.999394,6.14112,0.0113215108
0.9980030000000001,5.89462,0.012853576299999999
0.997944,7.31845,0.013141946399999998
0.999733,6.41426,0.010882645900000001
0.998533,5.87507,0.012378539499999999
0.9996139999999999,5.8338,0.011003240800000001
0.9999129999999999,6.929989999999999,0.0107906523
0.972203,7.76835,0.057000055
0.9994200000000001,5.1767199999999995,0.0112439824
0.998251,9.53641,0.013406528000000001
0.9728610000000001,7.50369,0.054454083
0.999758,6.32407,0.010951716100000002
1.0,7.381589999999999,0.010712049
0.9748899999999999,8.01939,0.052707498
0.9996799999999999,6.43353,0.0110003487
0.999657,8.2625,0.011084682299999999
0.9998459999999999,7.238569999999999,0.010836764399999999
0.998101,5.84486,0.0128515624
0.999965,7.222989999999999,0.0107651169
0.9999239999999999,6.19503,0.010801861299999998
0.9991549999999999,6.80116,0.0116546799
0.9994719999999999,5.12852,0.0113507803
0.999129,5.20961,0.011708836799999999
0.9984350000000001,6.01975,0.0123512872
0.9998389999999999,7.19157,0.0108242664
0.999108,5.3118,0.0117191572
0.9982,6.9358,0.012823063899999999
0.9998459999999999,6.22459,0.0108923609
0.997361,6.49322,0.013645183200000001
0.998275,7.50824,0.0128036676
0.999642,5.57808,0.0110253891
0.953343,6.9311300000000005,0.08087539
0.997972,6.8592699999999995,0.012987654
0.999195,7.5784899999999995,0.0116930118
0.999818,6.51693,0.0108678573
0.999784,6.8003100000000005,0.0108648997
0.999109,9.50418,0.0119422782
0.9989239999999999,9.43714,0.0122421451
0.9989,6.98694,0.0119393799
0.9988819999999999,7.6146,0.0120675784
0.926882,5.38328,0.11667396599999999
0.9997590000000001,5.195469999999999,0.0109508122
0.9982639999999999,6.5065599999999995,0.012702221599999999
0.9984850000000001,5.1353599999999995,0.0123207937
0.9997590000000001,6.28715,0.0108987805
0.999395,6.1824900000000005,0.011272261200000001
0.999978,5.108630000000001,0.0107581829
0.999767,5.210319999999999,0.010945407800000001
0.9995639999999999,6.12372,0.011021256200000001
0.999733,7.64911,0.0109151941
0.9978549999999999,8.16788,0.013451121000000002
0.999374,5.69709,0.0112966973
0.999353,7.11751,0.0113447506
0.9994209999999999,8.83664,0.011384189199999999
0.999943,7.4462,0.0107511775
0.999376,6.94117,0.0113756777
0.9735280000000001,7.19837,0.051097187
0.9987959999999999,9.75789,0.0126256947
0.997956,5.89021,0.013011220300000001
0.999999,7.35492,0.010732702700000001
0.998135,5.52016,0.0129046799
0.9999969999999999,6.93872,0.0107103672
0.998735,5.68769,0.0121652767
0.99815,7.22203,0.0127283239
0.9971450000000001,7.041639999999999,0.013963643500000001
0.9732620000000001,7.19517,0.052046434
0.999626,7.256660000000001,0.011087710800000001
0.999558,5.920719999999999,0.0109968901
0.999308,7.27197,0.0114281391
0.998014,6.07682,0.0130231
0.9999819999999999,6.55567,0.0107603403
0.9994360000000001,5.8975,0.0113434373
0.9974770000000001,6.966810000000001,0.0135891775
0.999718,6.8013,0.010895886200000001
0.998017,7.53733,0.013102089499999999
0.9986870000000001,5.48897,0.0122446524
0.9971969999999999,7.689019999999999,0.014084251899999999
0.9995950000000001,5.09269,0.0111142899
0.9985940000000001,7.10133,0.0121839676
0.999691,6.53125,0.010931208100000001
0.9999899999999999,7.00115,0.0107311589
0.9978670000000001,5.6978599999999995,0.0131423027
0.9994959999999999,6.44529,0.0112141952
0.99905,5.76996,0.0117225927
0.9998530000000001,7.1912,0.010863127
0.9977600000000001,8.71451,0.013820326899999999
0.9998040000000001,7.75445,0.010857568
0.9998670000000001,7.10268,0.0108553304
0.998884,5.078119999999999,0.0119448417
0.999273,6.56778,0.011345426200000001
0.999985,6.34074,0.010743888600000001
0.9999290000000001,8.91778,0.0108225908
0.999812,5.7923,0.0108686926
0.999915,6.84285,0.0108061254
0.998476,8.29455,0.012752096899999999
0.9994129999999999,8.86851,0.011343321799999998
0.9677370000000001,6.852710000000001,0.05854979
0.9998549999999999,8.264669999999999,0.010865278
0.9974879999999999,7.12855,0.0135911968
0.999174,6.53019,0.0116350346
0.999541,5.20215,0.0112297038
0.999708,9.58906,0.0109861334
0.999425,8.31604,0.011323943700000002
0.998899,5.66036,0.0124632929
0.9997889999999999,5.7431,0.0108812301
0.9514450000000001,6.04676,0.081853829
0.999898,6.12838,0.0108045411
0.9978309999999999,7.5940199999999995,0.013349939299999999
0.9998370000000001,8.50071,0.010817179
0.998475,8.94576,0.0129554763
0.998682,5.37628,0.0122014927
0.999976,9.33646,0.010752073700000002
0.998875,5.27744,0.0120747194
0.9999299999999999,7.7845699999999995,0.010782623500000001
0.998893,7.52371,0.0117220469
0.9988549999999999,8.56748,0.012288760800000001
0.9999979999999999,7.23468,0.0107369703
0.99979,7.0995,0.0108671957
0.999224,6.609310000000001,0.0115023196
0.999791,6.16686,0.0108728614
0.9999950000000001,9.63535,0.0107210069
0.969425,7.184080000000001,0.057956589
0.999188,8.39526,0.0117759914
0.999499,5.68385,0.0112116849
0.998732,5.498069999999999,0.012216018600000001
0.9978020000000001,6.90568,0.0132751579
0.978517,7.743180000000001,0.046657502999999996
0.9991530000000001,7.98075,0.0116279305
0.999179,5.72685,0.011650251399999999
0.999498,5.59291,0.0112182684
0.9999540000000001,6.19759,0.010781972800000001
0.998641,5.33127,0.012356948700000002
0.997168,6.65828,0.013911716999999999
0.9997940000000001,7.302810000000001,0.010896404699999999
0.969836,7.100230000000001,0.056400979000000004
0.9993690000000001,7.387389999999999,0.0116015505
0.999768,8.31605,0.0109339994
0.998935,7.25598,0.0118632815
0.9984200000000001,5.66857,0.012458431399999999
0.999857,8.68116,0.010811255700000001
0.999492,6.731039999999999,0.0111830256
0.9976729999999999,5.8073,0.01315995
0.999848,5.69583,0.0108634124
0.998627,6.18203,0.0123100022
0.9460540000000001,5.96641,0.0891846
0.999993,7.02504,0.010741508799999999
0.9998379999999999,8.00441,0.010882133200000001
0.999458,6.880389999999999,0.011297192
0.997116,6.797389999999999,0.0138994298
0.999975,7.36687,0.0107723386
0.9995639999999999,7.019369999999999,0.011188914099999999
0.999864,9.12027,0.0108706174
0.9998549999999999,8.82371,0.010835876999999999
0.9975440000000001,7.0079,0.013514449599999999
0.999925,5.5641099999999994,0.0108090475
0.99939,5.91985,0.0112553854
0.9993709999999999,5.78381,0.0113292043
0.996978,6.83168,0.014054426200000001
0.998172,5.99271,0.0127880856
0.999692,6.0904300000000005,0.010945641599999998
0.9999959999999999,6.953689999999999,0.0107114683
0.976311,9.532,0.060713601
0.997782,6.65866,0.0131740518
0.9460790000000001,5.96202,0.089155123
0.9999950000000001,7.154,0.010739492199999999
0.999991,5.15041,0.0107623979
0.9983489999999999,6.9351199999999995,0.0126497049
0.9988440000000001,7.30245,0.0120579742
0.998395,5.43168,0.0125949549
0.9988889999999999,6.6582,0.0119988001
0.9999790000000001,7.447310000000001,0.010755303700000001
0.999999,9.15248,0.0107314881
0.953192,6.94395,0.075714474
0.9999120000000001,9.06749,0.0108291675
0.998442,9.80265,0.0138873265
0.997991,7.904489999999999,0.0132609241
0.9978450000000001,6.88638,0.0130257923
0.998927,7.0359,0.0119670285
0.999891,5.48027,0.0108116963
0.9986780000000001,5.1596,0.012259436799999999
0.998966,9.60316,0.012937636399999999
0.9999459999999999,5.92837,0.0107736154
0.998495,7.04027,0.0125239842
0.998081,7.837039999999999,0.0140158144
0.972407,7.05575,0.05325069599999999
0.9992969999999999,5.15802,0.011405170400000001
0.998469,7.72508,0.0126228366
0.998326,7.012389999999999,0.0126532177
0.9994870000000001,5.9170300000000005,0.0112414951
0.998345,6.805910000000001,0.0126092657
0.998064,7.243530000000001,0.0128585366
0.9991030000000001,9.759689999999999,0.012153279099999999
0.9762549999999999,8.0518,0.051198283
0.999343,9.29343,0.012079578200000001
0.997819,6.13226,0.013051195
0.999704,5.30958,0.0110177307
0.9979959999999999,5.8886199999999995,0.0129706641
0.9973870000000001,7.149260000000001,0.014725368999999999
0.97567,7.41213,0.050049715999999994
0.9995450000000001,5.05713,0.0111627931
0.999289,8.23441,0.0114353905
0.9981639999999999,8.8316,0.0143557064
0.9999620000000001,5.50895,0.010761285
0.9989180000000001,7.50925,0.0120543167
0.999942,7.288130000000001,0.0107772408
0.997533,7.32377,0.014838123200000001
0.9990459999999999,5.14341,0.0117003721
0.9997280000000001,6.06449,0.0109992251
0.972311,7.34738,0.054725319
0.999941,7.19377,0.0107787712
0.997136,7.81198,0.014186095900000001
0.998732,8.81015,0.0125346837
0.9991049999999999,9.8023,0.0126568574
0.9553510000000001,6.893910000000001,0.077778908
0.999541,7.320289999999999,0.011144645
0.998814,6.06763,0.0120916753
0.9971899999999999,7.50426,0.015451126599999998
0.952901,6.91315,0.076992499
0.998389,5.65362,0.012523046000000001
0.9992969999999999,7.085710000000001,0.011395053899999999
0.999735,5.46509,0.011018834
0.999397,9.256110000000001,0.011515393799999999
0.9994129999999999,5.5936900000000005,0.011368171399999998
0.999969,8.30616,0.0107393577
0.999999,5.10902,0.0107243453
0.997986,7.758260000000001,0.013150832099999999
0.997281,7.4945,0.013904361200000001
0.9678709999999999,7.7051300000000005,0.06221463
0.997669,6.78803,0.0133690128
0.9993350000000001,6.16865,0.0113363344
0.999447,5.99913,0.0112159571
0.9967940000000001,7.04743,0.0156707055
0.999441,5.6180900000000005,0.011348416100000001
0.999992,6.27266,0.010727528600000001
0.998656,9.44181,0.012735816
0.9703290000000001,7.23261,0.057640684000000005
0.9982989999999999,7.73537,0.0136641189
0.9974569999999999,7.68878,0.014834799099999999
0.9753799999999999,7.45975,0.050263744000000006
0.9999959999999999,5.274859999999999,0.0107339209
0.998726,5.64195,0.0120419223
0.960074,7.07793,0.070635595
0.9979309999999999,7.01473,0.0130858953
0.9997540000000001,8.13333,0.010990544599999999
0.999368,8.56075,0.011578455500000001
0.99845,6.73389,0.012371644
0.99745,7.70578,0.0147559545
0.9991200000000001,7.083480000000001,0.0117143327
0.9970379999999999,7.122330000000001,0.015380214299999998
0.9999950000000001,7.90849,0.0107274999
0.998877,8.527569999999999,0.012275698600000001
0.9986229999999999,8.76563,0.0126517314
0.9966969999999999,7.20595,0.0145342346
0.999956,8.83372,0.0107818553
0.9999620000000001,9.64541,0.0107369418
0.9800690000000001,7.63817,0.043218242000000004
0.9990379999999999,6.3126,0.0116958436
0.999181,5.64204,0.0115772503
0.9594540000000001,6.4803,0.07116549999999999
0.999597,7.73022,0.0110259211
0.9973549999999999,7.28401,0.0151168306
0.999684,7.0723,0.011046363899999998
0.9989049999999999,5.68661,0.0119514081
0.972982,8.77696,0.059105015
0.999007,9.69575,0.012329891899999999
0.998869,5.09365,0.0124865254
0.998326,8.83184,0.014068934299999999
0.9983540000000001,8.890939999999999,0.0140170816
0.9995040000000001,8.16394,0.0112792699
0.999892,6.87752,0.010813933000000001
0.998057,7.416989999999999,0.0130199035
1.0,5.36837,0.010720028000000001
0.9999819999999999,8.34567,0.0107563195
0.997909,6.59778,0.0130908702
0.998683,5.849019999999999,0.012190411699999999
0.999398,6.96738,0.011357206100000001
0.999653,6.757810000000001,0.0110649815
0.997251,7.29935,0.015267508899999999
0.9581719999999999,6.15678,0.07203962900000001
0.998972,7.443169999999999,0.0118728652
0.9999370000000001,6.34794,0.0107720945
0.999368,5.120830000000001,0.011330399599999999
0.971736,7.48212,0.056224352000000005
0.953204,6.90987,0.07724761299999999
0.998409,7.83453,0.013476676299999999
0.9988020000000001,6.78737,0.0120257644
0.9725790000000001,7.317010000000001,0.05458518
0.9999889999999999,6.48719,0.010722128999999999
0.9584739999999999,6.64203,0.07250666900000001
0.969433,7.342810000000001,0.059523038
0.998892,9.05107,0.0123052074
0.9987590000000001,5.69401,0.0122018633
0.998079,7.106489999999999,0.013000878799999999
0.997517,6.91108,0.013581921399999999
0.999525,8.236139999999999,0.011173841799999999
0.998626,5.94261,0.012229351999999999
0.9973719999999999,7.91633,0.014085063
0.997934,6.3114300000000005,0.0130808508
0.952967,6.91513,0.080346239
0.999927,6.939089999999999,0.010812031599999999
0.997555,6.65307,0.0134781747
0.9997959999999999,5.04896,0.0108701601
0.999869,8.54969,0.0108303201
0.9983059999999999,6.69353,0.012701055
0.999999,6.584110000000001,0.0107226078
0.997393,7.674119999999999,0.015157718600000002
0.99766,6.76969,0.0134088076
0.9981540000000001,7.625839999999999,0.0128427289
0.978972,7.726389999999999,0.045169028
0.998409,6.32493,0.0125034496
0.999964,5.54119,0.010757187
0.953255,6.905469999999999,0.080965545
0.996647,7.33553,0.01460005
0.9990829999999999,7.4948,0.011663481299999999
0.9990049999999999,5.08366,0.0123570188
0.9978319999999999,8.76194,0.013743991
0.999677,6.604769999999999,0.010987543300000001
0.9970209999999999,6.48431,0.014072808000000001
0.9989969999999999,7.29488,0.011811313
0.9982479999999999,6.81752,0.012711221100000001
0.9999899999999999,8.32623,0.0107341796
0.999266,7.813739999999999,0.0116080053
0.9983280000000001,6.42457,0.012591751799999999
0.9991059999999999,9.59515,0.0121398574
0.997592,5.889959999999999,0.0134588903
0.998125,5.92742,0.012824611000000001
0.999811,7.85681,0.010866728
0.970074,7.21979,0.058232704
0.9718469999999999,7.46249,0.056200556
0.971965,7.2184,0.054981021
0.9997969999999999,6.766089999999999,0.0108627847
0.9999629999999999,6.750210000000001,0.0107849682
0.998341,7.02279,0.012689690900000002
0.999458,7.09395,0.0115962945
0.9999020000000001,6.28633,0.010797350800000001
0.9978670000000001,7.24529,0.014242464
0.998783,8.84718,0.012346216399999999
0.998,6.75634,0.0129967053
0.999459,7.7719,0.0113030908
0.998044,9.68788,0.013818650600000001
0.9996959999999999,6.31966,0.0109806775
0.997617,5.89115,0.0133636785
0.929278,5.26484,0.115260185
0.999974,6.82872,0.0107723066
0.9997360000000001,5.27456,0.010947910600000001
0.9983299999999999,5.41832,0.0127413995
0.9979530000000001,8.8251,0.013546777
0.953702,6.9357,0.078782563
0.997664,6.1216099999999996,0.013329919099999999
0.999977,8.826369999999999,0.010753478899999998
0.9978090000000001,7.35428,0.0133538766
0.996576,7.301360000000001,0.0146565126
0.999858,5.1870400000000005,0.0108720672
0.998936,9.4986,0.0122760769
0.9999469999999999,7.361280000000001,0.010816046000000001
0.972709,7.33443,0.05393171
0.99882,7.2918899999999995,0.0120824869
0.9979959999999999,8.96827,0.013649399199999999
0.9970680000000001,7.28395,0.0155632961
0.999991,6.97152,0.0107413015
0.9974639999999999,7.19981,0.0148640763
0.999851,9.2195,0.010874755600000001
0.998184,8.69867,0.0132364601
0.999873,6.68045,0.0108366507
0.9974069999999999,7.27955,0.015104616699999998
0.9999979999999999,5.896380000000001,0.010727256899999999
0.9998549999999999,7.52502,0.010827736000000001
0.999613,8.59539,0.011099218700000002
0.958584,6.879760000000001,0.073592098
0.999391,8.57216,0.0114489994
0.998403,7.1706,0.0125598462
0.998667,7.09196,0.0120594255
0.998967,7.694780000000001,0.0119796827
0.9998040000000001,5.05093,0.0109474941
0.9994149999999999,9.34731,0.011936785
0.997613,6.751869999999999,0.0132759353
0.953778,6.9478100000000005,0.078591165
0.968672,7.21357,0.060133328
0.9996010000000001,5.31245,0.0111096296
0.997899,7.34112,0.014242388500000001
0.997648,6.57993,0.0134082492
0.974274,9.22488,0.061101376
0.9981,8.44319,0.0132306478
0.999431,6.93502,0.0113975505
0.97503,8.80193,0.05836555400000001
0.9998239999999999,7.5949800000000005,0.0108702175
0.9968950000000001,6.84191,0.014189220700000001
0.999232,9.202160000000001,0.0117842869
0.999926,5.40254,0.010804584099999999
0.997761,8.69942,0.015045744
0.9704709999999999,7.22815,0.057321765999999996
0.999915,5.96347,0.0107843166
0.9994350000000001,7.402539999999999,0.0112313177
0.97035,7.5583100000000005,0.058959582999999996
0.999533,5.1472,0.011225418000000001
0.999921,5.005780000000001,0.0107922181
0.997569,7.47865,0.0135783381
0.998527,6.2191,0.0123741877
0.976607,8.85706,0.055726885999999996
0.9984190000000001,9.229560000000001,0.013961041399999999
0.998901,7.60451,0.0126405448
0.9999389999999999,7.79908,0.0107737219
0.999907,5.89364,0.0107940147
0.999476,5.9152,0.0111749325
0.970515,7.40257,0.058099403
1.0,7.29196,0.010717105
0.9696739999999999,7.28269,0.058908909
0.9724860000000001,8.58498,0.060565238
0.99871,6.2528,0.0121308944
0.997547,7.5196,0.0136649096
0.99924,9.81851,0.0124257407
0.999892,7.92859,0.010793987199999999
0.954577,6.81169,0.079189013
0.997424,6.648610000000001,0.013626001200000001
0.999554,9.51127,0.011317044699999999
0.9599110000000001,6.4471099999999995,0.070695273
0.998345,8.59092,0.0130076601
0.999273,6.72848,0.0114583462
0.999885,8.701989999999999,0.010840389399999999
0.999552,8.30255,0.011233683400000001
0.999994,5.11801,0.0107284594
0.998842,6.4644,0.012514445400000001
0.997183,7.46022,0.0154938692
0.99623,7.03885,0.015020270300000001
0.9999709999999999,9.8048,0.0107703348
0.953398,6.84466,0.08117328900000001
0.9999950000000001,6.66251,0.010714325700000001
0.9989530000000001,6.80859,0.011859995900000002
0.9999540000000001,6.39911,0.0107923897
0.999871,6.7614,0.0108334869
0.95219,6.81659,0.082780622
0.998519,7.640810000000001,0.0132050198
0.999999,6.14308,0.0107292352
0.999634,7.5216,0.010998218700000001
0.9989110000000001,6.7851,0.0119134024
0.99736,7.12017,0.0136912647
0.9977389999999999,5.92235,0.013192458999999998
0.951865,6.84962,0.083359317
0.9760260000000001,9.27651,0.057822767000000004
0.9980709999999999,7.00016,0.012994533300000001
0.998834,8.316880000000001,0.012094639099999999
0.981533,8.99515,0.047259922999999995
0.999194,5.25472,0.0115717328
0.9997950000000001,6.3019300000000005,0.010872813200000001
0.9987209999999999,8.431460000000001,0.0124285645
0.9977020000000001,8.741760000000001,0.0151893646
0.9999399999999999,5.83384,0.0107917216
0.999699,6.77505,0.0109569617
0.9999370000000001,6.0029,0.010795844399999999
0.9999969999999999,5.12881,0.0107249172
0.999994,9.22753,0.0107411796
0.999607,8.38091,0.0110739068
0.9993879999999999,9.19363,0.0120113524
0.998936,6.2167900000000005,0.0119317076
0.9999969999999999,8.22189,0.01073214
0.9997959999999999,7.9097800000000005,0.0108350306
0.9994049999999999,7.754739999999999,0.011365115
0.9998100000000001,6.64418,0.010900181200000001
0.997469,7.02428,0.0136187306
0.998815,7.74653,0.012787098
0.997575,6.46215,0.013478335
0.999137,6.32305,0.0116620992
0.998883,7.233160000000001,0.0118546448
0.999134,8.96225,0.0124960386
0.997181,7.739510000000001,0.015569949199999999
0.9537690000000001,6.90675,0.079560069
0.9981709999999999,9.60834,0.013594972
0.9999879999999999,8.76122,0.010750183799999998
0.9993719999999999,7.139760000000001,0.011799104199999999
0.997318,6.4168,0.01374781
0.9295399999999999,5.580369999999999,0.112113349
0.9972479999999999,8.11577,0.0143266445
0.999337,7.83886,0.0115207965
0.948499,5.77557,0.085140664
0.9982200000000001,8.38983,0.0130264812
0.9997520000000001,7.12431,0.010892985400000001
0.99785,8.2245,0.0134866372
0.970464,7.498010000000001,0.058575916
0.999426,8.11396,0.0113979393
0.953471,6.9417800000000005,0.080334503
0.99772,7.76311,0.013510139099999999
0.998566,7.47767,0.012481156699999999
0.999042,5.69269,0.0113872756
0.970983,7.32263,0.05705612400000001
0.999268,8.14852,0.0116359657
0.9996520000000001,9.61023,0.011160132199999999
0.999792,7.41926,0.010877564099999999
0.996862,7.22487,0.0158733828
0.9984209999999999,6.33007,0.013182758000000001
0.9997659999999999,6.2123099999999996,0.0109377104
0.998194,7.10055,0.0136131018
0.9999819999999999,5.46368,0.010735452900000001
0.999498,5.21393,0.0112626871
0.997152,7.1233699999999995,0.015323976299999998
0.997233,6.9084,0.0138895023
0.9894379999999999,9.786019999999999,0.033730414
0.998891,9.82785,0.0125437795
0.9989809999999999,6.51556,0.0118043688
0.9991979999999999,9.21301,0.012421877900000001
0.997174,6.2207300000000005,0.013846104299999999
0.9732540000000001,7.405810000000001,0.053654352
0.999965,7.943160000000001,0.0107621601
0.9968379999999999,7.315189999999999,0.015964039
0.9995360000000001,9.82352,0.011674041100000001
0.9986200000000001,7.362189999999999,0.0122743922
0.999085,5.45716,0.0115174441
0.998705,7.61025,0.0122409132
0.999659,5.23677,0.0110706759
1.0,9.20854,0.010721227
0.997898,5.87194,0.013106858999999998
0.999983,6.2554300000000005,0.010748263000000001
0.997634,6.21839,0.0133615308
0.9986780000000001,8.03172,0.0123410823
0.9997780000000001,5.93588,0.0109004494
0.9674889999999999,7.54448,0.06333169
0.9999629999999999,5.4209,0.0108056718
0.999893,5.65614,0.0108330425
0.9996440000000001,6.25546,0.011036141000000001
0.9688389999999999,7.353560000000001,0.060423265999999996
0.9980899999999999,7.474489999999999,0.0130103975
0.998015,6.54744,0.0128804803
0.998857,7.55117,0.0120739172
0.99934,5.04937,0.011447094199999999
0.999872,7.478619999999999,0.0108162498
0.9993,6.32486,0.0114034077
0.999818,8.026869999999999,0.0108170695
0.973658,7.346260000000001,0.053129722000000004
0.99959,9.3341,0.0112905182
0.997527,7.12449,0.0133246863
0.9535040000000001,6.921689999999999,0.079009702
0.9365190000000001,5.25378,0.105547079
0.999833,5.8695699999999995,0.010860470700000001
0.999669,7.9541,0.0109481283
0.958311,6.30653,0.071824111
0.998101,7.20562,0.0138705623
0.999928,7.99194,0.010781816000000001
0.997511,8.64611,0.014183339199999999
0.9997870000000001,8.67939,0.010957070800000001
0.998827,7.513739999999999,0.0121216394
0.998036,7.76582,0.0140456143
0.999742,5.1532599999999995,0.0109650903
0.9986360000000001,9.28213,0.0127756853
0.997591,7.301769999999999,0.014597445
0.9998290000000001,8.04081,0.0108671365
0.9993540000000001,8.757539999999999,0.011583665900000002
0.9998879999999999,7.63258,0.0108611633
0.9999879999999999,8.695219999999999,0.0107251727
0.9989969999999999,6.47342,0.0119154266
0.999951,7.07897,0.010761991
0.998474,5.11891,0.0124085176
0.998985,9.71322,0.012883486299999998
0.999906,5.03135,0.0108370435
0.999114,8.51005,0.0118824172
0.9979399999999999,7.90605,0.0133213836
0.9973920000000001,8.00968,0.013965484399999999
0.9999170000000001,7.458130000000001,0.0108080195
0.972151,8.63423,0.062301092
0.999653,5.1825,0.011014514599999999
0.9747170000000001,7.32143,0.05132115
0.9990559999999999,8.78625,0.012066586499999999
0.999589,7.085210000000001,0.0110572485
0.998592,5.8899,0.012229748799999999
0.99908,6.94252,0.0117386948
0.9998549999999999,5.05647,0.010887800800000002
0.998927,8.474260000000001,0.0121745402
0.9999979999999999,9.79862,0.0107263854
0.9994879999999999,5.21331,0.011287596200000001
0.9981,7.238239999999999,0.0129449377
0.956457,6.25485,0.073542169
0.9962610000000001,7.152310000000001,0.014994993600000001
0.9984709999999999,5.56436,0.0125012592
0.951225,5.69065,0.082598546
0.999761,8.18109,0.0109371977
0.998181,7.35699,0.013770610800000001
0.961361,7.37333,0.071582779
0.9999170000000001,9.012939999999999,0.010820470700000001
0.9997530000000001,5.01961,0.0109362502
0.9714969999999999,7.22112,0.055585511
0.975866,9.270560000000001,0.056489073
0.999653,6.646719999999999,0.0109755019
0.999583,7.6152,0.011202908999999999
0.9983639999999999,7.31837,0.0127193107
0.999993,9.47771,0.0107255803
0.999551,7.7443800000000005,0.0111579974
0.99984,7.54338,0.0108320649
0.999775,6.55674,0.0108973348
0.999384,9.789010000000001,0.0120531089
0.96993,7.54288,0.059526144
0.9999899999999999,6.17601,0.0107567424
0.9708969999999999,7.2779300000000005,0.056457952
0.999341,8.9024,0.0114635469
0.9164559999999999,5.0821,0.133576048
0.999792,6.2525,0.0108255295
0.9969549999999999,7.098160000000001,0.014179427199999999
0.9999299999999999,7.4502,0.0108029835
0.9988940000000001,9.254380000000001,0.0122574465
0.9998459999999999,8.37227,0.0108848533
0.997017,7.75488,0.014402243
0.999151,8.23312,0.0117445975
0.9973620000000001,6.78238,0.013645833400000001
0.972475,7.36148,0.054943415999999995
0.9590069999999999,6.85697,0.071978252
0.9999870000000001,7.951239999999999,0.0107446192
0.9984559999999999,6.736680000000001,0.012487663700000002
0.997886,8.36767,0.0135468609
0.998268,5.66519,0.012656680200000001
0.9988799999999999,7.82602,0.012143389099999999
0.999835,8.15891,0.0108594329
0.999776,9.53758,0.0109739965
0.998683,9.65969,0.012807313600000002
0.9827239999999999,8.49346,0.041503894
0.99984,5.35771,0.010865535
0.963261,7.47624,0.06978267099999999
0.997927,9.37925,0.013923663999999999
0.9988,5.43497,0.0120488326
0.9994790000000001,5.502190000000001,0.011471329399999999
0.996002,6.69088,0.0151740522
0.9999,9.05263,0.0108241676
0.999815,8.55643,0.010869349399999999
0.9998290000000001,5.1084,0.0108867468
0.9994860000000001,9.80313,0.0115225791
0.999511,8.35546,0.0113072803
0.998224,9.16638,0.013307203799999999
0.999559,7.790760000000001,0.0112046434
0.9995780000000001,9.12733,0.011109291
0.9718889999999999,7.41597,0.055897634
0.9708610000000001,7.296930000000001,0.056979959000000004
0.997976,7.5717,0.0131568603
0.998308,6.32719,0.0125822041
0.9578969999999999,6.7751,0.074238405
0.9998379999999999,6.56928,0.0108504148
0.999711,5.75747,0.0109504841
0.99987,9.453389999999999,0.010855495
0.9987799999999999,8.54695,0.0123465028
0.999964,6.79575,0.0107705667
0.9653209999999999,7.689310000000001,0.065940894
0.998374,5.19455,0.012638927
0.998717,5.30147,0.0121380226
0.9988370000000001,7.30359,0.0126624501
0.999863,6.59085,0.0108665926
0.999978,8.51947,0.0107487148
0.997769,6.7354899999999995,0.013244443600000001
0.999965,9.15093,0.0107773115
0.9992969999999999,9.25659,0.0117265117
0.9969309999999999,7.32372,0.015849771999999998
0.9999459999999999,5.00347,0.0107796545
0.9993799999999999,5.62533,0.011420140700000001
0.9999180000000001,9.64609,0.0108467568
0.9965440000000001,6.52094,0.0145334215
0.9968610000000001,6.31123,0.014144278100000001
0.9998030000000001,6.3115,0.0108877177
0.9830639999999999,7.98538,0.039974243
0.999873,6.8002899999999995,0.0108196547
0.999726,7.703860000000001,0.0109866644
0.9999459999999999,8.527560000000001,0.0107851108
0.999926,5.76938,0.0107855301
1.0,5.6931,0.010720153999999999
0.9286530000000001,5.23348,0.11643829300000001
0.9600870000000001,6.60318,0.070705898
0.998868,7.36645,0.0126284225
0.999941,5.89843,0.0107955801
0.998602,7.435160000000001,0.0122620954
0.99995,9.570089999999999,0.0107817349
0.999582,5.6387599999999996,0.0111065279
0.999907,6.81107,0.010813571599999999
0.9963879999999999,6.7069,0.014832556
0.999784,5.956180000000001,0.010900819099999999
0.998556,7.321330000000001,0.0125017195
0.99979,7.07097,0.0108854207
0.999692,5.7897099999999995,0.0110304223
0.9803629999999999,7.99839,0.04426066099999999
0.9995120000000001,6.0659,0.0111295351
0.997458,7.58475,0.0138766152
0.998501,7.84735,0.0125725441
0.9995799999999999,9.81975,0.0116102473
0.9989110000000001,7.17905,0.0119858522
0.968195,7.530189999999999,0.060826845
0.999583,6.14994,0.0111746525
0.9999969999999999,9.5043,0.0107257843
0.99931,7.96855,0.011469193
0.999858,8.2377,0.010834914
0.999165,7.06695,0.011604161000000002
0.9998520000000001,5.05013,0.010860399199999999
0.999189,8.29074,0.0118393387
0.999654,6.52865,0.011076763
0.9965299999999999,6.68025,0.014581239
0.9695440000000001,7.397660000000001,0.059245668
0.9991270000000001,6.6265600000000004,0.0116884554
0.9994290000000001,8.846060000000001,0.0113553108
0.9999969999999999,8.95322,0.010726409499999999
0.999075,5.02377,0.011555934399999999
0.9538989999999999,6.94009,0.077996573
0.9997379999999999,5.39476,0.0109436954
0.998158,5.52508,0.0128349247
0.9721200000000001,7.3646899999999995,0.055154329
0.9993799999999999,7.21785,0.011240408600000001
0.999958,7.20626,0.0107689185
0.971909,7.3716,0.055366799
0.9999459999999999,7.92778,0.0107730551
0.997915,6.5955699999999995,0.0130992652
0.998936,7.60292,0.0118531096
0.9994799999999999,7.23353,0.011227161000000001
0.9993049999999999,9.22799,0.011756826399999998
0.9997389999999999,5.87371,0.010920026299999998
0.9995129999999999,5.31095,0.011253035500000001
0.999675,6.87213,0.011033361799999999
0.999188,6.85113,0.011533539099999999
0.9977590000000001,6.307180000000001,0.013175279199999999
0.998748,9.84463,0.013543438
0.945327,6.0462,0.090827901
0.9984799999999999,5.25702,0.0124530096
0.999616,9.07151,0.0111801033
0.9982530000000001,6.48412,0.012680557700000001
0.957269,6.48227,0.073872402
0.999966,6.16491,0.0107453754
0.999923,9.022689999999999,0.0107996022
0.999999,6.88532,0.0107280775
0.9390200000000001,6.03296,0.095982916
1.0,7.65918,0.010700985
0.999455,8.51251,0.0113189521
0.99997,9.3379,0.0107699789
0.9984280000000001,8.13181,0.012790244899999999
0.998612,7.77405,0.013111928500000002
0.9612629999999999,6.5663,0.06787733900000001
0.953606,6.979660000000001,0.07696774599999999
0.9990829999999999,5.61339,0.0116482336
0.97331,7.4520800000000005,0.053677904000000005
0.9996879999999999,6.35469,0.0109444427
0.998252,7.46404,0.0137019297
0.9999110000000001,6.59607,0.0108127401
0.9996299999999999,6.77355,0.0110659386
0.999067,6.81358,0.0116708698
0.9993280000000001,8.89685,0.0115163528
0.999566,7.3442300000000005,0.0114463355
0.998295,9.41902,0.0133348944
0.999972,5.1252699999999995,0.010753271399999998
0.998816,7.58085,0.0120347196
0.997799,7.84841,0.0134163451
0.9996430000000001,7.938339999999999,0.0110550026
0.9984200000000001,6.9852,0.0124967037
0.998699,9.608789999999999,0.0126468427
0.9999299999999999,7.597410000000001,0.0107761172
0.9605459999999999,6.601710000000001,0.06952198799999999
0.999202,6.82837,0.0114874327
0.998706,5.80548,0.012119368600000001
0.9997370000000001,5.13323,0.0109696049
0.9999680000000001,9.11397,0.010793529599999999
0.9495,6.01922,0.084354624
0.973599,7.38275,0.053156761
0.9988049999999999,7.8403,0.0121819922
0.9711879999999999,7.273910000000001,0.056364164
0.999986,5.59593,0.010743931299999999
0.9995209999999999,6.910839999999999,0.011134320500000001
0.96246,6.93929,0.067811232
0.9999120000000001,9.87234,0.0108057244
0.996919,6.2737300000000005,0.0141153993
0.9997459999999999,7.3026,0.0109795246
0.951522,5.36527,0.084020179
0.998724,7.045719999999999,0.0122433844
0.999933,7.3354800000000004,0.0107842241
0.9989319999999999,9.03105,0.012185756200000002
0.9998459999999999,5.971080000000001,0.0108599401
0.99992,5.727069999999999,0.010813341200000002
0.999914,5.94522,0.0108183213
0.953714,6.978330000000001,0.07755765
0.997416,7.6319300000000005,0.0138224686
0.998735,5.01613,0.0122183773
0.9966389999999999,7.18416,0.014583466000000002
0.999991,5.26207,0.010756350900000001
0.9990379999999999,8.60763,0.0120128053
0.9991479999999999,9.822189999999999,0.0120133904
0.998812,6.73843,0.0119700385
0.957061,6.54701,0.074405528
0.9993059999999999,6.84887,0.0114307718
0.9995940000000001,5.49774,0.0113008214
0.999081,8.7421,0.011960843
1.0,5.53878,0.010713501
0.9991760000000001,7.863689999999999,0.0121464625
0.996815,6.839760000000001,0.0143710739
0.9998739999999999,6.6024899999999995,0.010834298899999999
0.9999469999999999,6.652810000000001,0.0107662575
0.9999879999999999,8.21926,0.0107309784
0.9983290000000001,5.50292,0.0126917193
0.999776,8.71477,0.010931838700000002
0.999711,8.196539999999999,0.0109663614
0.958571,6.2169300000000005,0.071383221
0.9986799999999999,9.87144,0.0129193717
0.9533889999999999,6.90382,0.077822166
0.9999809999999999,8.11711,0.0107461298
0.999799,8.84564,0.0109340571
0.999999,8.580739999999999,0.0107213346
0.997814,8.966569999999999,0.013887258700000002
0.998246,6.97872,0.0127531943
0.99975,5.296119999999999,0.0109492409
0.998489,6.88023,0.0124362321
0.9961129999999999,6.6988199999999996,0.0150331258
0.9986440000000001,9.75961,0.0128865122
0.9999450000000001,7.291289999999999,0.0108079985
0.9999399999999999,6.14154,0.0107997293
0.996891,7.21753,0.014277605700000001
0.97311,7.189,0.052635454000000005
0.9761120000000001,9.27575,0.057182198
0.9542010000000001,6.093459999999999,0.07779576099999999
0.96857,7.54422,0.06175438
0.9719469999999999,7.317989999999999,0.055481538
0.999727,9.83581,0.0111280582
0.9986280000000001,9.827760000000001,0.012883978999999999
0.997583,7.778289999999999,0.013667065
0.9984719999999999,7.82733,0.0132693073
0.997539,7.396789999999999,0.013583431799999999
0.977483,8.99311,0.055054875
0.9998600000000001,9.33221,0.0108630158
0.999914,9.28558,0.0108113776
0.999828,6.076,0.0108740153
0.999944,7.04175,0.0107913408
0.9997299999999999,5.62129,0.010936753899999999
0.9996290000000001,6.7722,0.011001463000000001
0.99887,9.855080000000001,0.0131911867
0.977358,9.52547,0.057201880999999996
0.9992059999999999,8.70497,0.011831861899999999
0.999983,9.06836,0.010728857900000001
0.9999399999999999,6.06649,0.0107951074
0.999821,7.317539999999999,0.0108935315
0.997295,6.39101,0.0136160433
0.99911,5.955080000000001,0.0116398418
0.96719,8.25487,0.067325988
0.94809,5.860869999999999,0.080401431
0.978582,7.430339999999999,0.044441318
0.9694879999999999,8.63747,0.067852087
0.998447,9.72536,0.0139863665
0.9984,9.70432,0.014144901100000001
0.9715590000000001,7.58985,0.057356474000000005
0.998086,6.02375,0.013528406299999999
0.9653649999999999,7.65603,0.066480579
0.9999969999999999,6.22607,0.0107385088
0.998225,6.275519999999999,0.0134550153
0.979215,8.001380000000001,0.044909516
0.982311,7.627619999999999,0.038232799
0.968783,7.92502,0.06169834
0.975477,8.603,0.05607449
0.9828040000000001,7.70717,0.039611785
0.9811219999999999,7.59115,0.040231908
0.9758469999999999,9.2636,0.053579706
0.96275,7.66645,0.071730684
0.999999,7.24729,0.0107296746
0.9803149999999999,7.49816,0.041891248
0.9774719999999999,7.2834699999999994,0.046487510999999995
0.982345,7.66632,0.038254502
0.9696879999999999,7.88755,0.059539365
0.983615,7.827660000000001,0.038731741
0.998972,7.148460000000001,0.0118319831
0.9727879999999999,7.462839999999999,0.052985269
0.999134,9.28231,0.012455722800000001
0.967724,7.6774,0.063810605
0.9715590000000001,7.635660000000001,0.057474088
0.9983040000000001,9.12734,0.0137921108
0.968822,7.78488,0.062938505
0.936401,5.04146,0.101421311
0.969303,8.24943,0.063492009
0.9791799999999999,8.00255,0.044653001
0.9306610000000001,5.59586,0.103430169
0.9789329999999999,9.27544,0.051513160999999995
0.9719389999999999,8.38488,0.059423113
0.976441,7.2816,0.047601568
0.9751559999999999,8.99724,0.059507120999999996
0.977715,8.55077,0.050246069000000004
0.925644,5.03161,0.12021824099999999
0.9697709999999999,6.919969999999999,0.053467430999999996
0.9775290000000001,7.02384,0.04460097
0.9532860000000001,6.90516,0.075023052
0.998294,6.30595,0.0133194048
0.9672290000000001,7.98033,0.066678481
0.969607,6.245,0.051086251
0.978124,7.288410000000001,0.04533144099999999
0.9777110000000001,8.46482,0.05132313
0.9775520000000001,7.54053,0.047021513
0.9681200000000001,6.86981,0.055087810999999993
0.9763629999999999,7.252839999999999,0.047841033
0.973769,7.26467,0.051895881
0.999525,9.12306,0.0115755751
0.965248,7.86153,0.06746365
0.9815459999999999,7.9275899999999995,0.04049398
0.978626,7.87967,0.04657113400000001
0.9828540000000001,7.62697,0.037168515
0.9629209999999999,7.60342,0.070981821
0.9750270000000001,8.925,0.059504269000000005
0.97339,7.128010000000001,0.052242643
0.983691,7.7754199999999996,0.038236658
0.9493969999999999,5.72975,0.084349348
0.9992209999999999,9.16067,0.0121920069
0.977232,7.953119999999999,0.049469350999999995
0.9501149999999999,6.40164,0.080089374
0.9800129999999999,7.91104,0.043020427
0.9772360000000001,8.464160000000001,0.052169442999999996
0.9984629999999999,9.217410000000001,0.0135643379
0.99928,9.30305,0.0121311718
0.999267,9.828289999999999,0.0122724719
0.999999,7.9981800000000005,0.010709605
0.964767,6.01497,0.057220470999999995
0.97346,7.7160899999999994,0.051994967999999996
0.9196979999999999,5.233619999999999,0.129977652
0.972518,7.58,0.055382392
0.971086,8.33041,0.060888127
0.983158,7.8341899999999995,0.039401434
0.981564,7.686210000000001,0.04162474
0.9773709999999999,7.418080000000001,0.047024944000000006
0.9998940000000001,9.42305,0.0108799676
0.9748370000000001,6.82723,0.047060245
0.975509,7.262460000000001,0.049170417
0.9775,8.449589999999999,0.051855421
0.975671,7.580889999999999,0.050634487
0.978042,7.55135,0.046540635
0.983033,7.81163,0.039219745
0.998693,9.78679,0.0135298662
0.9519190000000001,6.237769999999999,0.077862006
0.97639,9.464269999999999,0.055086570999999994
0.9985200000000001,9.26693,0.0134560731
0.970773,8.41822,0.061722558
0.983701,7.81036,0.038296603
0.9725790000000001,6.68911,0.049724076
0.981661,7.644410000000001,0.039251601000000004
0.947624,5.3987300000000005,0.087870313
0.9519790000000001,6.225969999999999,0.07441126599999999
0.979116,7.54179,0.044854782
0.9716940000000001,6.60525,0.050750074000000006
0.970433,8.44083,0.061648478
0.972088,7.1032399999999996,0.054375285
0.974635,7.7899,0.051370895
0.9771799999999999,7.6843,0.048021297000000004
0.927682,5.520490000000001,0.111481605
0.977441,7.57919,0.047400787
0.9748950000000001,6.753939999999999,0.047321622
0.968282,6.81795,0.056156557
0.999999,8.43413,0.0107177096
0.9993540000000001,9.17225,0.0119859976
0.966673,6.83593,0.058037781
0.999081,9.73808,0.0124849525
0.9721350000000001,6.94848,0.051251754000000004
0.9787819999999999,7.345439999999999,0.044435058
0.983992,7.83065,0.038064442999999996
0.9649540000000001,6.93271,0.060681587
0.927256,5.26973,0.120500106
0.983398,7.925269999999999,0.039012661000000004
0.967234,8.2606,0.067280959
0.977558,6.78452,0.042692432
0.983153,7.7834699999999994,0.039255146
0.970633,7.80653,0.057937784000000006
0.918459,5.1178099999999995,0.131458905
0.998468,9.31824,0.013771075700000001
0.9472860000000001,6.41186,0.087595819
0.953508,6.96625,0.07409114900000001
0.9801040000000001,9.34806,0.050405961
0.972434,7.623889999999999,0.054006859000000004
0.9750110000000001,7.31605,0.050204484
0.975233,7.59468,0.051102157999999995
0.97664,7.6152,0.049060735
0.9982049999999999,5.9761,0.0133967119
0.971517,6.91983,0.053604306
0.9756610000000001,9.26493,0.054200127
0.968399,7.7881,0.063461331
0.9831219999999999,7.848380000000001,0.039574675
0.953938,6.9592600000000004,0.075027263
0.967619,7.04898,0.057783268
0.948709,5.934819999999999,0.078562913
0.999393,9.3453,0.0119357815
0.9669270000000001,6.84174,0.056547663
0.9796090000000001,7.8380600000000005,0.043665660999999995
0.976982,8.51019,0.052755301
0.9643430000000001,7.57587,0.068588941
0.9636049999999999,7.3181199999999995,0.062410927000000005
0.9692719999999999,6.2606,0.051990619
0.9657030000000001,7.98075,0.069402378
0.9783569999999999,8.07019,0.048184397000000004
0.9784120000000001,7.53455,0.045856947
0.976493,7.291,0.047624806
0.977374,6.99535,0.04495757
0.982526,7.63165,0.037920477
0.965274,6.937760000000001,0.061166822999999995
0.958793,6.94335,0.070105992
0.9638909999999999,7.739839999999999,0.070766946
0.953318,6.91617,0.073390808
0.975107,7.555339999999999,0.05123404
0.9493309999999999,6.4815,0.081298418
0.969558,6.22018,0.051922462
0.983864,7.7836300000000005,0.037917387999999996
0.9737,9.161769999999999,0.06394166700000001
0.9698680000000001,7.94315,0.058677039
0.9793629999999999,7.966639999999999,0.044504865
0.973562,8.56103,0.059911535
0.9715370000000001,8.883239999999999,0.066161398
0.979733,7.97663,0.045061762000000005
0.9662040000000001,6.919989999999999,0.059254657999999995
0.970209,8.00657,0.061726275
0.978917,8.08807,0.045849456
0.979331,7.95171,0.045809425
0.9632950000000001,6.786389999999999,0.060854757
0.9821549999999999,7.8682300000000005,0.039204489
0.9754139999999999,8.62205,0.056410955
0.978274,8.29923,0.04759610400000001
0.974908,8.608319999999999,0.05741866
0.9664729999999999,7.61361,0.065561594
0.950089,6.33903,0.077502035
0.9789680000000001,7.44838,0.043333727999999995
0.9793540000000001,7.42238,0.043117605999999996
0.977234,8.83796,0.052326923
0.979376,7.4787300000000005,0.042740997999999995
0.9684649999999999,7.06625,0.057449208
0.9694870000000001,6.918139999999999,0.054879022
0.9761190000000001,7.581930000000001,0.049856104000000005
0.966118,7.657439999999999,0.06634598400000001
0.9982469999999999,9.42998,0.014080115800000001
0.977641,7.8554,0.046859387999999995
0.9812069999999999,7.918810000000001,0.041014931
0.983294,7.8084,0.039197602000000005
0.9762709999999999,7.580369999999999,0.049287784
0.953717,6.91378,0.07307743400000001
0.975519,7.53662,0.050441630999999994
0.983442,7.7969100000000005,0.037116718
0.9989469999999999,6.53885,0.012268599199999999
0.9730850000000001,6.91626,0.05132364
0.974769,7.69375,0.050326142000000004
0.9993280000000001,9.27707,0.0120545753
0.998448,9.471960000000001,0.013857003
0.976667,7.588,0.04870113400000001
0.9743569999999999,7.96208,0.052273849000000004
0.99923,9.32088,0.0122261327
0.942915,5.60586,0.09367690599999999
0.998914,7.63427,0.012035118300000001
0.9999809999999999,7.033860000000001,0.0107486793
0.998916,6.9852300000000005,0.012005380900000001
0.9973049999999999,7.36613,0.013852972
0.999834,7.882569999999999,0.0108372933
0.998992,7.855,0.0119612581
0.999626,5.6935400000000005,0.011092722
0.9998520000000001,9.15531,0.010840441299999998
0.999725,8.8009,0.0109797696
0.998402,8.32025,0.0128711792
0.999862,6.51043,0.010859745300000001
0.999892,7.406110000000001,0.0108078532
0.999547,6.15851,0.0110850143
0.997948,5.62169,0.0130774571
0.999994,7.47766,0.010734507800000001
0.997683,8.51936,0.013832549
0.9734430000000001,9.03215,0.060021275
0.999814,6.3444,0.010867511399999998
0.9996940000000001,5.82902,0.0109751854
0.998433,9.03019,0.012987716100000001
0.9995649999999999,8.77557,0.0112373921
0.997986,5.81281,0.0129502844
0.9986700000000001,7.13475,0.0121036169
0.999326,5.8426599999999995,0.011358538
0.997533,7.164569999999999,0.0135711406
0.9991190000000001,5.3905199999999995,0.0114541045
0.997653,6.713019999999999,0.013371975900000001
0.997974,5.99084,0.012931494299999999
0.999041,5.18555,0.0117248555
0.999189,9.757439999999999,0.0119581678
0.999986,7.83922,0.0107280318
0.996201,6.8594100000000005,0.015028916399999998
0.9987959999999999,7.22878,0.0121244626
0.999116,5.887569999999999,0.0116871985
0.9997729999999999,6.17056,0.010919918
0.9975620000000001,8.20706,0.01388533
0.9437780000000001,5.8162199999999995,0.09289474800000001
0.999394,7.53665,0.0113879772
0.999301,5.5782300000000005,0.011364183
0.999792,7.89965,0.010897911100000001
0.9992,7.44448,0.011651505800000002
0.9536819999999999,6.973089999999999,0.07526418
0.9995219999999999,7.3379,0.011140236599999999
0.9999299999999999,5.11011,0.010783280800000001
0.9996440000000001,9.562610000000001,0.0110855
1.0,5.062,0.010722123
0.999994,5.5721,0.0107015323
0.9981190000000001,6.27994,0.012810011000000001
0.999117,5.22016,0.011756506399999998
0.9996209999999999,5.90856,0.0110406345
0.9989520000000001,6.76721,0.0118556848
0.950708,6.18273,0.082655435
0.999078,8.7165,0.011951863600000001
0.999365,6.3120199999999995,0.0112644956
0.999674,6.68238,0.0109565147
0.999868,5.9827,0.0108563133
0.9272090000000001,5.49782,0.11742893800000001
0.998257,6.0026,0.012710625500000001
0.999273,7.59289,0.0115153819
0.999316,7.8274,0.011808500900000001
0.963915,7.72582,0.070073799
0.9987020000000001,5.7661,0.0121823717
0.997031,7.3078899999999996,0.014235093999999998
0.996819,6.645160000000001,0.014244328799999999
0.9577690000000001,6.40913,0.073269807
0.998833,9.105839999999999,0.0124531026
0.9991469999999999,6.75702,0.0115881278
0.957572,7.2443,0.073728267
0.999668,7.377789999999999,0.011028645600000001
0.999891,5.68815,0.0108357847
0.99644,6.879,0.014722141000000001
0.999927,6.687930000000001,0.010795211
0.997417,7.49875,0.013785753700000002
0.9998520000000001,6.23495,0.010829397
0.999589,8.01571,0.011189933899999999
0.9979049999999999,7.7166,0.0133426705
0.999444,6.907439999999999,0.0112777833
0.9988090000000001,5.45205,0.0120516428
0.9853620000000001,8.56742,0.037428649
0.9983629999999999,6.6477,0.0126106869
0.980381,7.402,0.041952015999999995
0.999499,5.44925,0.0112843827
0.9999549999999999,7.080539999999999,0.0107695301
0.9999950000000001,7.90607,0.0107390141
0.9999399999999999,8.28435,0.010773566200000001
0.9985209999999999,6.9268600000000005,0.0123737497
0.999765,9.27618,0.011008626899999999
0.9996659999999999,5.13229,0.0110154004
0.9999870000000001,8.17521,0.010738514499999999
0.999698,9.588519999999999,0.0110560477
0.9997719999999999,9.20968,0.010970494099999999
0.999992,7.97774,0.0107447864
0.999618,6.08585,0.011061254599999999
0.998158,8.37331,0.0131394358
0.997128,6.65285,0.013938078000000001
0.999762,8.29411,0.010997433999999999
0.998072,8.61084,0.013288292
0.999474,6.966130000000001,0.011271280900000001
0.998066,5.85952,0.0129203432
0.9965350000000001,6.54836,0.014412411000000002
0.9999530000000001,7.6049,0.0107633939
0.999777,6.2586699999999995,0.010891889699999999
0.999959,8.00704,0.0107745351
0.9992780000000001,6.3272900000000005,0.0114917253
0.999276,9.8288,0.0121629761
0.9988540000000001,5.102469999999999,0.0120426094
0.998751,7.209860000000001,0.012249869699999999
0.9993799999999999,5.27196,0.0113600969
0.9982489999999999,8.701039999999999,0.0131338164
0.9990629999999999,5.28262,0.011813988899999999
0.9999879999999999,5.1156,0.010728461299999999
0.9997719999999999,7.279210000000001,0.0108875817
0.9977600000000001,6.6864,0.0132654813
0.998635,9.6249,0.013672136699999999
0.998719,8.94946,0.0125972597
0.999099,5.31493,0.0116889703
0.999782,7.76629,0.010920448000000001
1.0,9.75807,0.010721425
0.999195,7.329,0.011580638300000001
0.999985,7.6151800000000005,0.0107455514
0.999985,6.7070300000000005,0.0107426799
0.999942,7.13629,0.0108073531
0.99965,5.51664,0.0110145544
0.999343,9.67105,0.012209016100000001
0.9986510000000001,6.0696900000000005,0.012267391899999999
0.996474,6.9408199999999995,0.014784928999999999
0.9983299999999999,5.64521,0.0125484599
0.975089,7.76018,0.052368687000000004
0.9996450000000001,5.119619999999999,0.0110508406
0.999765,8.61337,0.010908379199999998
0.998717,6.26933,0.012148983300000001
0.996708,6.35628,0.014361523000000001
0.998957,8.965160000000001,0.0121663576
0.999785,6.59992,0.0108880829
0.9761639999999999,9.367,0.057393052
0.999576,6.80987,0.011127891
0.999347,7.3379199999999996,0.0113621747
0.9988440000000001,8.42581,0.0121980124
0.999408,9.63446,0.0116376477
0.9538459999999999,6.93882,0.07990861
0.99951,5.65465,0.011167306299999999
0.9973629999999999,7.66758,0.0136669231
0.998086,6.11397,0.012876605400000001
0.9989889999999999,6.716289999999999,0.011697646499999999
0.9996860000000001,7.95655,0.011010116399999999
0.9985059999999999,9.47875,0.013009830200000001
0.996721,7.050039999999999,0.014496685
0.9970549999999999,6.54131,0.014060353999999999
0.998965,7.21805,0.0118665943
0.998885,8.63022,0.012245456299999999
0.999865,7.4047,0.010844731399999998
0.9819680000000001,9.21953,0.047737842999999995
0.999934,9.237119999999999,0.0108265749
0.976051,9.27074,0.05741824400000001
0.976864,7.784510000000001,0.049883154000000006
0.9677520000000001,7.30797,0.061676983
0.9995870000000001,7.515789999999999,0.0111469845
0.9979979999999999,5.96474,0.0129535424
0.953031,6.95185,0.079415223
0.999959,7.3445100000000005,0.010767081999999999
0.9996889999999999,6.35363,0.01103565
0.9998379999999999,7.3947199999999995,0.010869116000000002
0.9984129999999999,5.945469999999999,0.0125285938
0.99982,9.39006,0.0109260817
0.999624,6.10761,0.0110551607
0.9997950000000001,6.63652,0.010881820700000001
0.9995450000000001,5.91903,0.011111081799999999
0.999208,8.875910000000001,0.011693761399999999
0.999566,8.26341,0.011242121499999999
0.999958,5.63945,0.010754463
0.999583,8.370460000000001,0.0111556418
0.999141,7.19221,0.0116314748
0.99997,5.71572,0.0107513749
0.9974040000000001,7.1062899999999996,0.0136573076
0.9997719999999999,9.362689999999999,0.010970365800000001
0.9995,8.62756,0.011366751699999999
0.9627319999999999,7.751119999999999,0.07242375599999999
0.99798,6.3626,0.013045125500000001
0.973524,7.7275100000000005,0.054766037999999996
0.999777,7.540830000000001,0.010872233799999999
0.9984780000000001,6.13778,0.0124749482
0.999293,7.82945,0.011563423
1.0,9.8308,0.010723482099999999
0.9992719999999999,8.19333,0.0115737631
0.9999530000000001,5.68605,0.0107704321
0.998141,7.0312,0.0128386928
0.9989030000000001,5.01921,0.0118540622
0.999518,8.427669999999999,0.0112586415
0.974493,7.56142,0.05198724
0.999416,5.39285,0.0113510752
0.998653,5.65316,0.0121904845
0.999967,9.57673,0.010781981299999998
0.9997010000000001,8.48452,0.011020255900000001
0.99761,7.35187,0.0135114432
0.998927,6.984260000000001,0.0116970177
0.999986,6.8875399999999996,0.010736413799999999
0.999547,5.10677,0.0111168006
0.999949,8.58042,0.0107680202
0.999317,9.818430000000001,0.0118526303
0.999042,6.61561,0.0117879496
0.9999370000000001,9.569460000000001,0.010782159599999999
0.997674,5.79859,0.0133468115
0.974656,9.28555,0.062650921
0.9990020000000001,6.88514,0.0118204996
0.9327850000000001,5.19215,0.11015978900000001
0.999864,9.19164,0.010869256899999999
0.999878,8.71085,0.0108378377
0.99926,5.505240000000001,0.0114994626
0.999292,5.0254199999999996,0.0114361176
0.9995459999999999,5.51161,0.0111599352
0.999706,5.57081,0.0109685101
0.9993120000000001,5.72865,0.011342636000000001
0.9991969999999999,6.74177,0.011471819099999999
0.999605,6.213019999999999,0.0110567228
0.9999979999999999,9.66346,0.010729201
0.9990959999999999,6.09416,0.011684491699999999
0.9991030000000001,9.64128,0.0126815233
0.998474,5.79319,0.012456044099999999
0.998619,9.730319999999999,0.0128957607
0.9996309999999999,6.29486,0.011044328
0.997252,6.8093,0.013789266699999999
0.9995120000000001,9.16422,0.011704520900000001
0.996107,6.953310000000001,0.015007163
0.9993219999999999,5.46373,0.011333349099999999
0.999001,8.52861,0.012035838500000002
0.998798,6.17189,0.0119594366
0.998769,5.9785,0.0121391694
0.999777,8.16906,0.010962910800000001
0.9997530000000001,5.22823,0.010903578999999998
0.99874,5.3,0.0121405556
0.998893,8.65817,0.012269666499999998
0.965125,7.93648,0.06890492
0.9995219999999999,7.09145,0.011201267800000001
0.9999540000000001,6.96675,0.010759676999999999
0.999138,9.31002,0.011999516399999998
0.999425,6.067419999999999,0.0112867994
0.9988379999999999,5.86785,0.011996908
0.99975,7.6965699999999995,0.0109703744
0.999141,7.08334,0.0116252545
0.9991200000000001,6.34476,0.011683714599999999
0.999943,9.66768,0.0107867281
0.999704,5.18139,0.0110113218
0.999669,9.26414,0.0110501012
0.9781770000000001,9.205119999999999,0.054279188
0.997337,6.926260000000001,0.013721193100000001
0.9795370000000001,7.36225,0.043561285
0.997165,7.17616,0.0139572575
0.9998950000000001,6.67612,0.0108165418
0.9998870000000001,6.19918,0.0108457474
0.9970969999999999,6.8213,0.0139513569
0.997875,6.0087,0.0130923116
0.999142,5.8218,0.0115564526
0.999811,5.0287,0.0108987624
0.998866,7.018210000000001,0.012008408
0.9995649999999999,7.10688,0.0111715842
0.999764,8.19252,0.0108602704
0.99866,5.722090000000001,0.012156161
0.998751,5.31646,0.011936390600000001
0.9761860000000001,7.7767100000000005,0.050658706
0.949262,6.16444,0.084894295
0.9994540000000001,6.55797,0.011266484399999999
0.999983,5.4579,0.0107470709
0.998872,7.11649,0.0119674642
0.998518,5.83191,0.012407066000000001
0.999015,8.470260000000001,0.012100861499999999
0.973518,7.662310000000001,0.054552610999999994
0.9965149999999999,6.97308,0.0147006769
0.9987889999999999,9.58999,0.0125858196
0.999986,8.77897,0.010737601299999998
0.999649,5.41435,0.0110303651
0.9589690000000001,7.41098,0.072746319
0.947825,6.01098,0.087451405
0.999986,8.35425,0.0107351153
0.99879,5.23851,0.0121759878
0.9535030000000001,6.90941,0.07789861599999999
0.9992409999999999,7.57325,0.011587493600000002
0.999556,6.17211,0.011074467900000001
0.9986010000000001,9.393930000000001,0.012851576200000001
0.998655,5.48418,0.0121860995
0.9981200000000001,9.60215,0.013696848000000001
0.9996659999999999,5.34157,0.011007214
0.99905,8.167,0.011982765800000001
0.9999110000000001,6.60395,0.0108328522
0.9998040000000001,5.19699,0.0108906615
0.999973,5.3644,0.0107410257
0.99865,6.83484,0.012282303999999999
0.999973,6.17813,0.0107590824
0.998906,9.34499,0.0122791091
0.998101,6.18834,0.0127732189
0.999999,9.38575,0.010730687
0.999798,7.9832600000000005,0.0108377189
0.998542,9.6431,0.012902821200000001
0.999994,5.153569999999999,0.010727892
0.9982709999999999,7.56975,0.012830461000000001
0.9836370000000001,8.92424,0.042649642
0.977266,7.14765,0.045918096
0.999131,5.75738,0.0116690228
0.953599,6.962289999999999,0.076837932
0.999993,5.497269999999999,0.0107284857
0.999959,7.228330000000001,0.0107980119
0.9802420000000001,7.35372,0.042036275
0.999654,6.8344,0.0110675628
0.9996790000000001,8.41457,0.0111126146
0.9994350000000001,6.0137,0.0112172123
0.999873,5.745,0.0108277925
0.944483,5.9576199999999995,0.09145445599999999
0.9999459999999999,5.06377,0.0107812053
0.999999,7.6096,0.010729513500000001
0.9991680000000001,6.65217,0.0115925051
0.9996219999999999,6.71975,0.0110323377
0.9999459999999999,7.069039999999999,0.010790528300000001
0.999091,9.12536,0.012091673999999998
0.999347,9.66538,0.011542481299999999
0.998168,6.82293,0.012682829
0.9999899999999999,8.12199,0.010742598
0.9999,6.29968,0.0108115478
0.9999370000000001,6.0820300000000005,0.0107872875
0.99924,9.691239999999999,0.0124212051
0.999525,8.33191,0.0111810796
0.999058,9.63706,0.0127771521
0.998065,8.62342,0.0133132773
0.9970180000000001,6.5338199999999995,0.014055336100000001
0.9992129999999999,9.64424,0.0119721493
0.999841,6.182259999999999,0.0108424827
0.999815,8.88013,0.010906852600000001
0.999868,6.41427,0.010840426399999999
0.9991629999999999,8.7707,0.011931832
0.9757129999999999,8.01914,0.052423698
0.999986,5.57443,0.0107456106
0.9999819999999999,5.16212,0.0107463297
0.9999979999999999,9.62013,0.010739173999999999
0.9991270000000001,5.23431,0.0117662124
0.998301,7.52301,0.0127651664
0.999926,7.93388,0.0108001303
0.998812,5.57236,0.012041016100000001
0.999784,7.04712,0.0108775382
0.9980120000000001,7.6839,0.013137418400000002
0.9997540000000001,8.753110000000001,0.0109348929
0.997657,5.96007,0.0132041706
0.9986209999999999,6.97743,0.0123139547
0.999553,6.50964,0.0111574698
0.9984069999999999,5.5506400000000005,0.012587508700000001
0.999741,6.41846,0.0109348374
