Z7,mH,mA,mHc,sinba,cba,m12,tb,Z4,Z5,l1,l2,l3,l4,l5,l6,l7,alpha,beta,kappa1tt,kappa1bb
1.21048,676.7710000000001,805.947,700.128,0.999993,0.0037416508388623,110315.0,7.0415600000000005,1.7290599999999998,-3.5286199999999996,64072.1,2.95998,0.164952,13.0571,2.1362799999999997,-6.66e-16,6.38e-16,0.0858562199253914,1.42974167502515,1.00631102136885,-0.609946543091557
,769.482,985.882,1000.46,0.998181,0.0602884005344315,,9.00009,,,,,,,,,,-0.0503311416044003,1.46014020317114,1.0048796441840502,0.455579969234068
,801.722,985.5039999999999,812.495,0.998791,0.04915829857714799,,9.000560000000009,,,,,,,,,,-0.0614722733683859,1.46014593446957,1.00425269333654,0.5563387841584649
,635.51,994.302,1008.63,0.999635,0.0270160466204791,,9.00486,,,,,,,,,,-0.0835786504262139,1.46019834231589,1.00263516286988,0.7563592824291121
,729.836,989.768,1002.62,0.9986139999999999,0.0526315400116698,,9.00792,,,,,,,,,,-0.0579048504221871,1.4602356071008797,1.00445680721983,0.524513298098079
,589.386,998.7230000000001,1003.72,0.999534,0.0305251182471081,,9.009139999999999,,,,,,,,,,-0.0800160087650172,1.4602504573304,1.00292223886044,0.7245289361952489
,937.0369999999999,979.535,1035.86,0.9996149999999999,0.0277462028933678,,9.01533,,,,,,,,,,-0.0827208197804843,1.46032574280989,1.00269266913617,0.7494738246693341
,771.079,994.824,1006.89,0.9996370000000001,0.0269419418565182,,9.022780000000001,,,,,,,,,,-0.0834349068456994,1.46041621764429,1.00262299121962,0.7565457858558442
,793.222,976.727,1003.37,0.999316,0.036980158788194,,9.027330000000001,,,,,,,,,,-0.0733363326974521,1.46047140152552,1.00341246692745,0.665483903166573
,730.275,990.85,1004.52,0.998081,0.0619218655968957,,9.028210000000001,,,,,,,,,,-0.0483527533048704,1.4604820681106,1.0049397090460799,0.439037393799451
,751.783,988.165,1002.34,0.998433,0.0559602047083459,,9.03019,,,,,,,,,,-0.0543008134546521,1.4605060604180402,1.00463001298736,0.493101719044742
,973.472,937.1,1021.82,0.9878979999999999,0.155104937368221,,9.03047,,,,,,,,,,0.0454468009719937,1.46050945243077,1.0050737325330998,-0.412772483755602
,771.291,994.1419999999999,1005.19,0.997816,0.0660547511084549,,9.03063,,,,,,,,,,-0.0441820551482532,1.4605113906304699,1.00513052302978,0.40129998299745395
,718.173,995.4110000000001,1003.23,0.9989319999999999,0.0462045384783781,,9.03105,,,,,,,,,,-0.064058854388791,1.46051647808188,1.00404818676437,0.581656502774844
,793.445,986.7710000000001,1004.62,0.998079,0.0619540939648051,,9.0333,,,,,,,,,,-0.0482588067222809,1.4605437243277901,1.00493741209357,0.43842908298772604
,696.2139999999999,993.2560000000001,1005.65,0.998892,0.0470613677659287,,9.05107,,,,,,,,,,-0.0629591310847697,1.4607584389052999,1.00409153638254,0.5729362660548349
,666.966,998.3439999999999,1002.09,0.997771,0.0667310389474049,,9.05711,,,,,,,,,,-0.0431844318696233,1.4608312305670903,1.0051388070540601,0.39338063983907
,796.904,997.905,1018.98,0.999699,0.0245338419127538,,9.058110000000001,,,,,,,,,,-0.0854167501106013,1.4608432729129899,1.00240749458803,0.7774687612316659
,942.6560000000001,979.898,1009.22,0.9985639999999999,0.0535718013884169,,9.06377,,,,,,,,,,-0.056287484522390005,1.4609113831100602,1.0044745428964301,0.5130015137297079
,932.227,975.823,1011.82,0.999626,0.0273470313562545,,9.06587,,,,,,,,,,-0.0825092533578404,1.46093663230745,1.00264248174486,0.751701368838273
,714.313,991.8689999999999,1014.78,0.999616,0.0277101523633506,,9.07151,,,,,,,,,,-0.0820782397132926,1.46100438727386,1.00267063504569,0.748243075734341
,738.5110000000001,985.919,1003.4,0.9989399999999999,0.0460312545994555,,9.07719,,,,,,,,,,-0.0636762622218923,1.4610725386976902,1.00401109078905,0.5811055560623679
,575.241,998.21,1001.62,0.998602,0.0528587324479127,,9.08058,,,,,,,,,,-0.0567997749563849,1.46111317343871,1.00442307447409,0.518614051308133
,599.626,995.8989999999999,1002.84,0.9994700000000001,0.0325533270189094,,9.08191,,,,,,,,,,-0.0771081399726126,1.4611291074960902,1.0030544141836801,0.703823613813696
,769.16,987.3760000000001,1000.28,0.9987889999999999,0.0491989174576019,,9.0847,,,,,,,,,,-0.0604150216513124,1.46116251809781,1.0042045797613102,0.551831594572924
,795.967,998.352,1005.33,0.9993639999999999,0.0356594377970256,,9.08573,,,,,,,,,,-0.0739544799194507,1.46117484735387,1.00328877410148,0.6753719762244311
,685.1089999999999,998.672,1004.73,0.999187,0.0403154936841893,,9.0879,,,,,,,,,,-0.0692690905119142,1.4612008135457901,1.0036231726784202,0.632803824947456
,771.4,987.298,1017.45,0.9992850000000001,0.0378085807059725,,9.09464,,,,,,,,,,-0.0716973462362895,1.46128138622962,1.00344223774729,0.6554295695682341
,953.882,973.852,1019.37,0.9995350000000001,0.0304923560093362,,9.09694,,,,,,,,,,-0.0789903892286654,1.4613088543624397,1.00288693548702,0.7221478669244291
,962.81,985.753,1011.11,0.999447,0.0332519802568215,,9.09758,,,,,,,,,,-0.0762217205051314,1.46131649522843,1.0031020357630098,0.696934449455146
,961.738,953.4689999999999,1026.48,0.9997030000000001,0.0243703055171654,,9.10408,,,,,,,,,,-0.0850295706922197,1.4613940376386,1.00237985537882,0.7778337889472849
,750.602,991.0319999999999,1001.09,0.998833,0.0482973923830269,,9.105839999999999,,,,,,,,,,-0.0610651230331227,1.4614150149186298,1.00413700186946,0.559044672542938
,964.842,935.442,1016.98,0.9986430000000001,0.0520783885215364,,9.110619999999999,,,,,,,,,,-0.0572224217942754,1.4614719468939399,1.00435922881006,0.52417659196792
,796.643,991.002,1007.54,0.99959,0.0286327068227934,,9.11078,,,,,,,,,,-0.0806858546478617,1.46147385154578,1.00273272837483,0.7387237073330308
,748.67,988.482,1002.61,0.999091,0.0426283206213908,,9.12536,,,,,,,,,,-0.066507949169943,1.46164713592419,1.00376241248361,0.610092228134385
,716.5980000000001,995.8960000000001,1013.15,0.9995780000000001,0.0290486129789369,,9.12733,,,,,,,,,,-0.0800731193850976,1.4616705075694298,1.00276059698936,0.7344417232989601
,962.041,987.197,1020.34,0.9990540000000001,0.0434868380547495,,9.127410000000001,,,,,,,,,,-0.06562431423836099,1.46167145646114,1.00381842255303,0.602131799470699
,964.257,935.11,1032.69,0.9996360000000001,0.0269790197005017,,9.12852,,,,,,,,,,-0.0821294125257017,1.46168462063761,1.00259146481801,0.7533574790835759
,790.5160000000001,987.4010000000001,1011.37,0.9996389999999999,0.0268676325529416,,9.13189,,,,,,,,,,-0.0822008925263731,1.46172456817687,1.00258117654318,0.7542867349661179
,776.557,970.5089999999999,1000.45,0.999677,0.0254144775866026,,9.13988,,,,,,,,,,-0.0835599482957596,1.46181916426687,1.00245761392344,0.767391724595762
,667.822,997.799,1004.65,0.998682,0.0513250706380428,,9.14282,,,,,,,,,,-0.0575947647279977,1.46185393072004,1.0042957024066999,0.529426117669089
,977.8539999999999,886.211,1021.79,0.999482,0.0321827853984088,,9.14537,,,,,,,,,,-0.076723915941773,1.46188406740879,1.00300102497093,0.705158519900954
,791.1060000000001,984.7489999999999,1007.74,0.9983209999999999,0.057923923891601,,9.14718,,,,,,,,,,-0.0509345145532016,1.4619054484730198,1.00465343512116,0.468480441857225
,724.07,997.76,1009.88,0.998771,0.0495629857756782,,9.15773,,,,,,,,,,-0.0591831200403867,1.4620299066888,1.00418314752735,0.544886558272499
,982.095,941.301,1018.58,0.9991620000000001,0.0409304013662218,,9.15778,,,,,,,,,,-0.0678239925059594,1.4620304958634698,1.0036314676402198,0.624330388976441
,740.2410000000001,996.835,1008.11,0.9996209999999999,0.0275291910342464,,9.15881,,,,,,,,,,-0.081221025931508,1.46204263144735,1.00262676068662,0.7474863698636339
,962.655,986.243,1016.83,0.9986299999999999,0.0523270780762692,,9.16083,,,,,,,,,,-0.0563789160838928,1.46206642349969,1.00434204553258,0.51927053334657
,979.56,944.076,1036.1,0.9989399999999999,0.0460312545994555,,9.1613,,,,,,,,,,-0.0626768431322167,1.46207195778737,1.00396453304656,0.577233867238008
,982.4889999999999,944.551,1023.93,0.9985790000000001,0.0532914698521255,,9.16233,,,,,,,,,,-0.0553955160356303,1.46208408415773,1.0043953665631,0.510304967029775
,721.182,992.297,1006.32,0.998224,0.059572190021855,,9.16638,,,,,,,,,,-0.0490571055611031,1.4621317394028703,1.00472298760709,0.45216266882746997
,796.9069999999999,992.217,1006.94,0.9988969999999999,0.0469551210306174,,9.166730000000001,,,,,,,,,,-0.0616880785071958,1.46213585580385,1.00401934144898,0.568472083395009
,769.315,979.534,1000.18,0.9996510000000001,0.0264173844087579,,9.182910000000001,,,,,,,,,,-0.0820500561224633,1.4623258126122,1.00252779879349,0.757062536538973
,738.3560000000001,994.0980000000001,1004.12,0.999663,0.0259593226221344,,9.18418,,,,,,,,,,-0.0824933929840512,1.46234069469832,1.0024895258980302,0.7612479083602449
,676.788,997.694,1017.04,0.998424,0.0561205508169693,,9.1852,,,,,,,,,,-0.052293631088980996,1.4623526442949,1.00453388882299,0.48294551663597396
,565.501,997.6489999999999,1001.43,0.9995569999999999,0.0297624553926578,,9.18628,,,,,,,,,,-0.078664181750308,1.46236529395042,1.0027968811480399,0.7261507512755351
,982.061,940.377,1017.56,0.998619,0.0525365857189057,,9.1888,,,,,,,,,,-0.0558407449821048,1.4623947983849201,1.00433645883237,0.5158708211461199
,768.8660000000001,981.298,1001.87,0.998577,0.0533289327757447,,9.195319999999999,,,,,,,,,,-0.0549710228362563,1.46247106108536,1.00437657334554,0.50820039786854
,773.685,992.475,1014.12,0.99931,0.0371419425986301,,9.19944,,,,,,,,,,-0.0711266426504293,1.46251919654057,1.0033474134293598,0.657624927580458
,794.812,991.533,1009.82,0.998908,0.0467205258532047,,9.20151,,,,,,,,,,-0.0615154222160206,1.46254336502244,1.00398548465776,0.569008614156479
,784.0419999999999,986.465,1012.59,0.9990479999999999,0.0436244621284882,,9.20756,,,,,,,,,,-0.0645440750911985,1.4626139408054701,1.00378589604721,0.597373147484218
,924.11,975.048,1007.37,0.99818,0.0603049550202973,,9.2078,,,,,,,,,,-0.0478380214981429,1.46261673861574,1.00472933371927,0.44290403516410604
,666.6489999999999,993.4810000000001,1005.01,0.9994139999999999,0.0342294698176871,,9.20858,,,,,,,,,,-0.0739343387495008,1.46262583050364,1.0031311279195798,0.6842091888262429
,607.0790000000001,993.316,1004.04,0.9994870000000001,0.0320271264867764,,9.211160000000001,,,,,,,,,,-0.07610782971622501,1.46265589282921,1.0029639916586799,0.704480013590065
,797.2389999999999,993.0219999999999,1012.58,0.999473,0.0324610885677007,,9.21171,,,,,,,,,,-0.0756672353813304,1.46266229931232,1.00299689388807,0.700450865830026
,980.855,945.459,1028.05,0.9982610000000001,0.0589489260207521,,9.21175,,,,,,,,,,-0.0491504410509409,1.4626627652088702,1.0046603189156,0.455238230728337
,768.679,996.811,1003.32,0.999245,0.0388513831800092,,9.21647,,,,,,,,,,-0.0692174501239553,1.46271771293904,1.0034604298967,0.641172392462941
,663.503,996.9,1009.54,0.999851,0.0172620334549529,,9.2195,,,,,,,,,,-0.0907804786597675,1.4627529572814097,1.0017233394386802,0.840703682562062
,762.2710000000001,995.446,1012.72,0.999491,0.0319020519559473,,9.21953,,,,,,,,,,-0.076135554901039,1.4627533061208302,1.00295126879417,0.705369074930585
,573.646,994.4989999999999,1000.57,0.999698,0.024574555865773996,,9.222000000000001,,,,,,,,,,-0.0834372772546905,1.46278201953693,1.00236277508846,0.773071445805832
,723.1139999999999,980.4739999999999,1001.7,0.9993049999999999,0.0372762253319726,,9.22799,,,,,,,,,,-0.0706598740218987,1.4628515893807301,1.0033444739625799,0.6553203653988101
,689.831,991.1469999999999,1011.07,0.999345,0.0361879949016234,,9.231630000000001,,,,,,,,,,-0.0717066068196071,1.46289382195746,1.00326500057429,0.665270820626326
,958.862,902.13,1002.28,0.998898,0.0469338427576529,,9.23213,,,,,,,,,,-0.0609456155048862,1.4628996205643099,1.0039817502025699,0.56559866226179
,770.064,994.0139999999999,1003.22,0.9993770000000001,0.0352932269847924,,9.23681,,,,,,,,,,-0.0725419033165839,1.46295386543979,1.00319793244148,0.6733801680545999
,953.443,971.921,1033.76,0.999093,0.0425814202557874,,9.23714,,,,,,,,,,-0.0652443397355349,1.4629576883484299,1.00370280566017,0.605762459698455
,690.429,987.852,1008.84,0.998052,0.0623875411921315,,9.238439999999999,,,,,,,,,,-0.0453954980354732,1.4629727456652,1.0048050385208,0.421688443948965
,795.0830000000001,979.2739999999999,1004.84,0.999501,0.0315871967575481,,9.247689999999999,,,,,,,,,,-0.0761241115320992,1.4630797634526003,1.00291668508001,0.70739239641719
,960.314,900.5039999999999,1008.24,0.999193,0.0401665128060677,,9.24772,,,,,,,,,,-0.0675388955148455,1.46308011019305,1.00353639629726,0.627744336193072
,982.654,942.158,1014.19,0.9993780000000001,0.035264899205868,,9.24873,,,,,,,,,,-0.07243233168974,1.46309178249058,1.00319094504282,0.673222468767713
,715.502,996.571,1017.04,0.9988940000000001,0.0470188979454017,,9.254380000000001,,,,,,,,,,-0.0606030553083514,1.46315703156844,1.00397471831343,0.563763251232033
,673.81,997.735,1005.07,0.999167,0.0408081623085375,,9.25557,,,,,,,,,,-0.0668060653873819,1.4631707642557201,1.00357603826653,0.62146419718197
,766.337,983.238,1001.62,0.999202,0.0399419978969498,,9.25571,,,,,,,,,,-0.0676713212974744,1.46317237963651,1.00351738994815,0.629510450645223
,696.051,988.449,1005.23,0.999397,0.0347222751414713,,9.256110000000001,,,,,,,,,,-0.0728900760482636,1.4631769947440498,1.00314828160118,0.678003801840277
,715.7389999999999,998.617,1014.56,0.9992969999999999,0.0374900759001635,,9.25659,,,,,,,,,,-0.0701149308964761,1.46318253235267,1.00334709575882,0.652266738323306
,746.971,994.204,1006.68,0.999669,0.0257272314678423,,9.26414,,,,,,,,,,-0.0817966966868073,1.46326955969316,1.00244607714562,0.7613283258695028
,730.7669999999999,990.799,1002.64,0.998808,0.0488116700800121,,9.265139999999999,,,,,,,,,,-0.0586841769806163,1.46328107597866,1.0040763143568299,0.5465610430748771
,837.199,978.092,827.829,0.9985200000000001,0.0543857481331283,,9.26693000000001,,,,,,,,,,-0.0530820484708867,1.4633016839948503,1.0043887988506601,0.494531079052669
,742.628,988.312,1002.23,0.9988670000000001,0.0475890356174623,,9.268839999999999,,,,,,,,,,-0.0598656453586639,1.4633236648770902,1.0040013032804,0.55777184310744
,943.893,952.357,1005.13,0.988207,0.153123888244128,,9.27092,,,,,,,,,,0.0462799372939768,1.4633475919893602,1.0047235796106702,-0.43139231800024896
,686.801,995.1,1010.17,0.998858,0.0477775662419084,,9.27546,,,,,,,,,,-0.0596007842463153,1.46339978066775,1.00400896461436,0.555699095425829
,741.086,996.703,1013.29,0.999634,0.0270530228255543,,9.275689999999999,,,,,,,,,,-0.0803375797737171,1.46340242324358,1.0025505509871,0.748698546707235
,986.502,958.595,1029.95,0.999508,0.0313649156861628,,9.27705,,,,,,,,,,-0.0760082199880447,1.4634180462619901,1.0028889148044,0.7085341089336831
,731.1469999999999,990.9830000000001,1007.98,0.999043,0.0437388174394322,,9.28102,,,,,,,,,,-0.0635799255287528,1.4634636258006697,1.0037557166453102,0.593102160568281
,959.9960000000001,908.6419999999999,1003.99,0.999575,0.0291516616164502,,9.28147,,,,,,,,,,-0.0781717448425168,1.463468789815,1.0027158453204599,0.729004727256766
,767.9789999999999,995.203,1004.98,0.9993340000000001,0.0364904979960552,,9.2925,,,,,,,,,,-0.0707025147861489,1.46359521096344,1.00326087629767,0.6602460473716569
,940.47,991.8710000000001,1015.18,0.998323,0.0578894435195233,,9.30214,,,,,,,,,,-0.0491690435354912,1.4637054578181201,1.00454623933197,0.459827291859302
,638.566,990.122,1007.32,0.999352,0.035994167527531,,9.30923,,,,,,,,,,-0.0710079847034559,1.4637863978079502,1.00321850319388,0.664274015827683
,747.195,988.1210000000001,1009.14,0.999138,0.0415121302272005,,9.31002,,,,,,,,,,-0.0654768556718339,1.4637954089628797,1.0035968658485401,0.6126592373421589
,952.9860000000001,962.3710000000001,1015.34,0.999634,0.0270530228255543,,9.32062,,,,,,,,,,-0.0798238309579302,1.46391617205936,1.0025364917683102,0.747483054391683
,720.655,985.0039999999999,1004.72,0.99959,0.0286327068227934,,9.3341,,,,,,,,,,-0.0780903516195126,1.4640693545741201,1.00265753804039,0.732329451245365
,958.305,902.153,1000.57,0.9993629999999999,0.0356874520104755,,9.3369,,,,,,,,,,-0.0710001771662898,1.46410111805118,1.0031851949480501,0.666152829323391
,741.678,993.227,1014.26,0.9980180000000001,0.0629291003908372,,9.33722,,,,,,,,,,-0.0437208712926493,1.4641047469636101,1.00475759705253,0.41043514524866603
,772.94,982.115,1000.26,0.9994190000000001,0.0340831694388904,,9.3376,,,,,,,,,,-0.0725974990700571,1.46410905597773,1.00306909953724,0.681163997047417
,985.961,958.684,1027.25,0.9992610000000001,0.0384376622468132,,9.33957,,,,,,,,,,-0.0682178040138683,1.46413138925698,1.0033765708717701,0.6402697628095311
,768.6619999999999,993.3910000000001,1015.07,0.999375,0.0353498143559477,,9.33999,,,,,,,,,,-0.0713029965904759,1.46413614946219,1.00315978074987,0.6692080874135921
,669.96,986.201,1001.94,0.9989709999999999,0.0453535131935763,,9.34245,,,,,,,,,,-0.0612632287739758,1.46416402216654,1.00382556311712,0.575258070664673
,748.8860000000001,986.18,1003.78,0.998906,0.0467632672511244,,9.34499,,,,,,,,,,-0.0598232129965708,1.46419278607652,1.00391010029878,0.5619037351709161
,740.345,990.6610000000001,1002.09,0.999124,0.0418477314080462,,9.34791,,,,,,,,,,-0.0647105374128718,1.46422583415307,1.0036006938714699,0.607935173093411
,672.084,995.6560000000001,1011.11,0.998136,0.0610288907321767,,9.34951,,,,,,,,,,-0.0454855544507071,1.4642439340326798,1.0046634961716898,0.4275457758106071
,691.215,990.0219999999999,1007.96,0.998102,0.0615824455181825,,9.35085,,,,,,,,,,-0.0449158025430654,1.4642590879697202,1.0046877591040602,0.42225378932630203
,987.1189999999999,958.166,1012.13,0.9996870000000001,0.0250180341154139,,9.353860000000001,,,,,,,,,,-0.081482570005462,1.46429311213229,1.00236162139859,0.7656718114091949
,796.1460000000001,997.3330000000001,1012.18,0.998157,0.06068445724401,,9.35388,,,,,,,,,,-0.0457812234270367,1.4642933381340502,1.00464462409225,0.43052186907439893
,799.745,979.138,1011.03,0.9992709999999999,0.0381768065584322,,9.365110000000001,,,,,,,,,,-0.0681901531621227,1.4644200874043403,1.0033474931280502,0.641741007131561
,748.097,401.811,728.242,0.9761639999999999,0.21703420261332101,,9.367,,,,,,,,,,0.112420285524804,1.4644413896631798,0.9993340867527829,-1.05679537587897
,794.57,984.1010000000001,1005.18,0.998951,0.0457919163062644,,9.36904,,,,,,,,,,-0.0605240188188891,1.46446437304139,1.00383857826909,0.569924704449956
,721.904,983.921,1004.38,0.997927,0.0643560616492339,,9.37925,,,,,,,,,,-0.0418165041508956,1.46457925404882,1.00478853601293,0.39431540877642296
,736.49,997.17,1014.39,0.9983350000000001,0.0576821269978842,,9.38494,,,,,,,,,,-0.0484389952663864,1.46464316961387,1.00448124355594,0.456991699052476
,559.3919999999999,987.328,1002.22,0.999936,0.0113135274781964,,9.3853,,,,,,,,,,-0.0948353470518728,1.4646472109033999,1.00114145187455,0.893755150558883
,761.7669999999999,989.5219999999999,1008.12,0.9994770000000001,0.0323376942746403,,9.39204,,,,,,,,,,-0.0737301775345336,1.4647228162680501,1.00292009588488,0.695760081864807
,966.967,977.0830000000001,1022.83,0.999642,0.0267557813565581,,9.39245,,,,,,,,,,-0.0793099401788744,1.4647274119456002,1.00249064772839,0.748339661397596
,747.812,994.3539999999999,1001.63,0.9986010000000001,0.0528776209657742,,9.393930000000001,,,,,,,,,,-0.0531500355042382,1.46474399792041,1.00422991366721,0.501872330080985
,977.688,977.903,1035.6,0.9992270000000001,0.0393116073316782,,9.40267,,,,,,,,,,-0.0666327474831547,1.46484183955623,1.0034078983333101,0.62959292909065
,939.706,991.922,1018.04,0.998727,0.0504418424623838,,9.40424,,,,,,,,,,-0.0554736730976968,1.4648593961747198,1.00409073406701,0.524359807441552
,784.4739999999999,991.165,1011.36,0.999499,0.0316504186228232,,9.41151,,,,,,,,,,-0.0742000036175818,1.46494061787512,1.00286194798845,0.701620768627113
,760.023,992.047,1003.15,0.998599,0.052915377717635,,9.41512,,,,,,,,,,-0.0528753204047356,1.4649809033344998,1.0042192552615001,0.500394368943141
,940.857,989.7860000000001,1014.91,0.9989520000000001,0.0457700960890417,,9.41633,,,,,,,,,,-0.0600158355977187,1.46499439938229,1.00381271495891,0.5679656710938741
,714.76,990.329,1002.87,0.998295,0.0583703090192258,,9.41902,,,,,,,,,,-0.0473684306342936,1.4650243907080098,1.00449206816837,0.44850389194173107
,791.653,991.087,1005.24,0.998606,0.0527831105942044,,9.41922,,,,,,,,,,-0.0529620560946298,1.46502661986983,1.004209766617,0.5014302690288579
,740.153,998.7610000000001,1004.49,0.9988549999999999,0.047840244303305,,9.42201,,,,,,,,,,-0.0578801081795535,1.46505770691872,1.00393249878246,0.548103739771817
,783.346,992.905,1004.48,0.998442,0.0557993963766625,,9.425180000000001,,,,,,,,,,-0.0498749279008526,1.4650930059593998,1.00436224729254,0.472522645258609
,761.1260000000001,989.163,1010.54,0.9988790000000001,0.0473364907761453,,9.426219999999999,,,,,,,,,,-0.0583375584123591,1.4651045816025299,1.00390078930432,0.552674823916084
,668.807,984.408,1001.22,0.998295,0.0583703090192258,,9.4273,,,,,,,,,,-0.0472762215527631,1.4651165997895401,1.00448662528181,0.448020585783052
,674.383,998.53,1001.02,0.999554,0.029863038760312,,9.42757,,,,,,,,,,-0.0758092436931301,1.46511960391084,1.00272162843027,0.7180181116744458
,738.681,991.955,1012.97,0.9991190000000001,0.0419669374508082,,9.4283,,,,,,,,,,-0.0636893353959047,1.4651277253128303,1.0035701669602,0.603442123632545
,832.783,960.811,818.8530000000001,0.9982469999999999,0.0591855302502226,,9.42998,,,,,,,,,,-0.0464297772588207,1.46514641093909,1.00452331556485,0.44012863345100606
,977.105,977.305,1036.64,0.99964,0.0268304006679001,,9.43022,,,,,,,,,,-0.0788136262383905,1.46514907977683,1.0024851510853299,0.746623419013555
,784.1439999999999,998.1210000000001,1004.96,0.9989239999999999,0.0463771735231885,,9.43714,,,,,,,,,,-0.0591765386328607,1.4652259735300601,1.00383832505221,0.5612561206573771
,740.377,988.95,1000.07,0.999027,0.0441027580883555,,9.44017,,,,,,,,,,-0.0614196519090924,1.46525960723347,1.0036988182075501,0.582689466177049
,701.4060000000001,996.133,1011.64,0.998656,0.0518285024286832,,9.44181,5.9452,-4.64257,,,,,,,,-0.0536667899972476,1.4652778027100601,1.0041452549658,0.509301127483835
,585.578,996.592,1008.1,0.998941,0.0460095481286229,,9.44773,,,,,,,,,,-0.0594270984452445,1.4653434319675702,1.0038109050595898,0.564255211858766
,914.331,973.3839999999999,1008.57,0.99911,0.0421806578896049,,9.44937,,,,,,,,,,-0.063241552192592,1.46536159866099,1.00357385927206,0.600529356757703
,764.753,969.69,1000.46,0.999134,0.0416082929714747,,9.44938,,,,,,,,,,-0.0638143093196757,1.4653617094143798,1.00353728285787,0.605961428561206
,781.9960000000001,981.462,1000.05,0.99925,0.0387225709373753,,9.44973,,,,,,,,,,-0.0666984866725824,1.46536558563708,1.00334774363261,0.633332159735956
,765.802,979.013,1002.27,0.998334,0.057699431920945995,,9.44975,,,,,,,,,,-0.0476990239608246,1.46536580712694,1.00443992152395,0.453088793205041
,958.566,990.4069999999999,1030.74,0.998149,0.0608159008730454,,9.4543,,,,,,,,,,-0.0445267027231002,1.4654161719835201,1.00458161805454,0.42317722837596705
,915.674,971.477,1007.35,0.998878,0.0473575877341733,,9.45831,,,,,,,,,,-0.057960499625025995,1.46546051974503,1.0038849819803102,0.5509552543579921
,976.951,974.721,1044.37,0.9986440000000001,0.052059209214125,,9.46372,,,,,,,,,,-0.0531932824285679,1.4655202916191297,1.00414492450053,0.505970220576101
,974.105,976.054,1032.58,0.999276,0.0380457070377183,,9.46442,,,,,,,,,,-0.0672134148346804,1.46552802056535,1.00329586672588,0.639195449398078
,738.24,984.791,1005.08,0.9994930000000001,0.0318393302536355,,9.465160000000001,,,,,,,,,,-0.0734154246666547,1.4655361899363202,1.00285684490633,0.6981286448565001
,741.5010000000001,998.4639999999999,1003.34,0.99946,0.032858916598086006,,9.46743,,,,,,,,,,-0.0723702521597132,1.4655612421542599,1.0029307324583399,0.688370507231783
,734.465,991.079,1008.56,0.998718,0.0506197241794145,,9.471810000000001,,,,,,,,,,-0.0545454127897447,1.46560954723154,1.00406225037869,0.5192575903201799
,572.582,990.7710000000001,1005.02,0.9996700000000001,0.0256883456065216,,9.47439,,,,,,,,,,-0.0794671748621478,1.46563798023516,1.00238134559655,0.7562885952690279
,636.487,993.768,1009.31,0.9997360000000001,0.0229767339715653,,9.474739999999999,,,,,,,,,,-0.0821757344112908,1.4656418362459098,1.00216105166069,0.782037419570252
,747.873,988.039,1005.87,0.9985059999999999,0.0546421811790122,,9.47875,,,,,,,,,,-0.0504409225230595,1.4656859950144,1.00427070327617,0.480566425149438
,795.217,998.68,1022.87,0.9990600000000001,0.0433487762226352,,9.480410000000001,,,,,,,,,,-0.0617296984563294,1.46570426439026,1.0036324579656999,0.5880958284111669
,667.1389999999999,997.62,1013.46,0.998482,0.0550789948710037,,9.48555,,,,,,,,,,-0.0499286517045534,1.46576079331427,1.00428862111011,0.47602744020135107
,730.819,990.576,1009.19,0.9993799999999999,0.0352081751870202,,9.48692,,,,,,,,,,-0.0698050233100265,1.46577585013663,1.0030912334864202,0.665362858654755
,796.748,997.322,1020.97,0.9994569999999999,0.0329500402275918,,9.48829,,,,,,,,,,-0.0720494186556555,1.4657909026587002,1.0029297058540199,0.686817462808943
,669.799,990.817,1004.21,0.9990870000000001,0.0427219666096976,,9.49501,,,,,,,,,,-0.0621966790073603,1.46586467470925,1.00358641249242,0.5934414998212549
,775.405,976.633,1001.65,0.998181,0.0602884005344315,,9.50415,,,,,,,,,,-0.0445064968999784,1.46596484787556,1.00452437637079,0.425190998060683
,785.6489999999999,994.078,1014.77,0.999109,0.0422043376799109,,9.50418,,,,,,,,,,-0.062614273599878,1.46596517635775,1.00354960799353,0.597991377909344
,983.288,972.581,1033.93,0.998656,0.0518285024286832,,9.5051,,,,,,,,,,-0.0529693438915055,1.4659752488158,1.00410870459319,0.506020901565123
,690.88,991.757,1000.1,0.999567,0.0294246921989004,,9.50733,,,,,,,,,,-0.0753677313187731,1.46599965557761,1.0026619480241998,0.7198167411166291
,792.9830000000001,990.9630000000001,1002.18,0.999282,0.0378877879533762,,9.509319999999999,,,,,,,,,,-0.0668780423828406,1.46602142604302,1.00326627941781,0.6389949002591999
,643.521,996.625,1005.07,0.999653,0.0263415943139357,,9.51095,,,,,,,,,,-0.078412433793724,1.4660392514198601,1.0024226070649,0.749119413559873
,694.303,987.432,1006.46,0.999554,0.029863038760312,,9.51127,,,,,,,,,,-0.0748860974332393,1.46604275017073,1.0026937530256501,0.715518575330207
,790.762,985.0310000000001,1008.4,0.9992979999999999,0.0374634114303539,,9.512039999999999,,,,,,,,,,-0.0672729783780817,1.4660511680858301,1.00323652542991,0.642944531938017
,689.363,985.2710000000001,1003.35,0.9994059999999999,0.0344622570938116,,9.513580000000001,,,,,,,,,,-0.0702592446797181,1.4660679998727801,1.0030284278446,0.6715465601574561
,731.2710000000001,987.549,1001.48,0.9997290000000001,0.0232793161196812,,9.52233,,,,,,,,,,-0.0813513747401191,1.4661635328088898,1.00217370797795,0.778055669734077
,772.7439999999999,995.857,1008.15,0.9993049999999999,0.0372762253319726,,9.52298,,,,,,,,,,-0.0673408407899934,1.4661706226126299,1.00321934459927,0.644324251688132
,977.347,932.221,1024.58,0.9994959999999999,0.0317450151047358,,9.52893,,,,,,,,,,-0.072810500327839,1.46623547712439,1.00282743543973,0.6969999732180301
,761.58,983.206,1000.8,0.9983629999999999,0.0571954563842268,,9.5293,,,,,,,,,,-0.0473301328577778,1.46623950744843,1.00436506273118,0.45333033747778706
,944.35,991.074,1009.19,0.9993270000000001,0.0366816994017461,,9.53558,,,,,,,,,,-0.0677985294066579,1.46630786684273,1.00317382414722,0.649545720818698
,782.5139999999999,993.273,1003.7,0.998251,0.0591180260073018,,9.53641,,,,,,,,,,-0.045326915907332004,1.4663168949407301,1.00445019089126,0.4344772656037071
,977.852,931.493,1020.74,0.999692,0.0248174361286565,,9.53846,,,,,,,,,,-0.0796371558332143,1.4663391865956399,1.00229382840088,0.762971878184255
,797.566,983.434,1022.07,0.9990450000000001,0.0436931112991519,,9.538680000000001,,,,,,,,,,-0.0607477228988997,1.4663415783076799,1.00362562449932,0.582270393113006
,791.555,982.455,1004.55,0.999548,0.0300631950397827,,9.538960000000001,,,,,,,,,,-0.0743839792676333,1.4663446221470002,1.00269962187909,0.7127763850433141
,633.6990000000001,997.8710000000001,1005.66,0.999749,0.0224039505221736,,9.541039999999999,,,,,,,,,,-0.08202327362803599,1.46636722799261,1.00209716650199,0.7859920119099209
,957.2,902.683,1001.56,0.999606,0.0280685725322825,,9.542639999999999,,,,,,,,,,-0.0763394568707765,1.46638461047158,1.00254738441063,0.731757717010539
,785.628,996.398,1006.61,0.9994200000000001,0.0340538338517127,,9.54459,,,,,,,,,,-0.070330120100248,1.4664057875739198,1.0029878676456199,0.6743901179572819
,793.2510000000001,995.3480000000001,1010.16,0.999517,0.0310767873339574,,9.556460000000001,,,,,,,,,,-0.0731800231340065,1.46653451199732,1.00276891413284,0.7025329249145301
,686.73,993.074,1001.65,0.99936,0.0357713628479534,,9.55792,,,,,,,,,,-0.0684670076181291,1.46655032315061,1.00310258864355,0.657460175608288
,985.209,958.57,1025.24,0.9998520000000001,0.0172040139502406,,9.56433,,,,,,,,,,-0.0869717799538892,1.46661968410916,1.00165076833508,0.835307133255295
,982.617,902.095,1029.95,0.9993629999999999,0.0356874520104755,,9.567919999999999,,,,,,,,,,-0.0684428048050414,1.4666584904124298,1.00309290702373,0.657908314159931
,796.582,990.255,1010.04,0.998347,0.0574740601576053,,9.56959,,,,,,,,,,-0.0466140449218195,1.46667653255446,1.00435290622562,0.448343808656383
,772.313,994.3710000000001,1000.57,0.9981959999999999,0.0600395335091809,,9.57354,,,,,,,,,,-0.044001481139187996,1.4667191823010701,1.00446740363013,0.42340512436851596
,683.948,993.081,1005.54,0.999499,0.0316504186228232,,9.573780000000001,,,,,,,,,,-0.0724188489365025,1.4667217725562,1.0028049479769598,0.696484855197188
,765.492,986.472,1002.2,0.998776,0.0494621251464189,,9.57751,,,,,,,,,,-0.0545519982848901,1.46676201293095,1.00394040339362,0.525052001788921
,762.743,976.3889999999999,1012.66,0.9987159999999999,0.0506591684100706,,9.58188,,,,,,,,,,-0.0533063467224155,1.4668091183962602,1.00400297587635,0.513305927394913
,917.477,975.0830000000001,1006.04,0.998549,0.0538506694387354,,9.58806,,,,,,,,,,-0.050043934602908,1.4668756618530903,1.00416543016822,0.482225550381239
,747.7280000000001,989.954,1005.75,0.999698,0.024574555865773996,,9.588519999999999,,,,,,,,,,-0.0793386852587501,1.4668806115328703,1.00226091438781,0.764064379589909
,792.7869999999999,997.995,1008.68,0.999657,0.0261893556812679,,9.58869,,,,,,,,,,-0.0777215357429542,1.46688244064346,1.0023882756676101,0.7485353870725829
,747.936,990.6139999999999,1012.08,0.9987889999999999,0.0491989174576019,,9.58999,,,,,,,,,,-0.0546811139103545,1.4668964258387602,1.0039192365756,0.5269718735707729
,776.1139999999999,989.7719999999999,1008.2,0.9997,0.0244930602416263,,9.590910000000001,,,,,,,,,,-0.079394496165649,1.4669063207876398,1.0022537785509,0.764789263597984
,761.863,998.2760000000001,1015.99,0.9996219999999999,0.0274928557265334,,9.73279,,,,,,,,,,-0.0748898654373886,1.4684101410073,1.00244676614892,0.732039808713353
,977.3760000000001,977.367,1031.7,0.9986219999999999,0.0524795304475943,,9.73649,,,,,,,,,,-0.0498438994813666,1.4684487779734299,1.0040119845270299,0.487655576592303
,763.7289999999999,998.1339999999999,1019.26,0.998994,0.0448440404513231,,9.73686,,,,,,,,,,-0.0574846025163507,1.46845264007188,1.00359959569012,0.56235385629113
,836.1460000000001,992.783,866.7489999999999,0.999081,0.0428620512691589,,9.73808,,,,,,,,,,-0.0594557681210657,1.46846537250112,1.00348248892484,0.581686915776829
,634.585,994.467,1008.59,0.9987010000000001,0.0509540243651087,,9.7494,,,,,,,,,,-0.051236865493249996,1.46858336237362,1.00392737540414,0.501929834854809
,766.295,989.988,1001.42,0.9993200000000001,0.0368719080059607,,9.755360000000001,,,,,,,,,,-0.0652706835260026,1.46864537535651,1.00309965631263,0.6396212635149711
,751.513,995.933,1009.75,0.999189,0.0402658947373581,,9.757439999999999,,,,,,,,,,-0.0618525434876469,1.46866699982396,1.00331568637853,0.606296948053913
,765.368,989.586,1004.64,0.9992479999999999,0.0387741472633499,,9.757819999999999,,,,,,,,,,-0.0633415077585704,1.4686709494622,1.00322164854684,0.6208968503507389
,785.8969999999999,986.428,1002.87,0.9987959999999999,0.0490566038775612,,9.75789,,,,,,,,,,-0.0530483483863893,1.46867167699393,1.00382337824238,0.5201070555891839
,781.7810000000001,992.4019999999999,1007.68,0.9991030000000001,0.04234613785223001,,9.759689999999999,,,,,,,,,,-0.0597471414972195,1.46869038140554,1.00344188144523,0.585817821864969
,634.515,996.938,1001.67,0.9996430000000001,0.0267183934958691,,9.76308,,,,,,,,,,-0.0753491638405137,1.4687255895155902,1.00237967669382,0.7387891868283499
,769.7289999999999,994.039,1006.62,0.9996309999999999,0.027163649220970004,,9.76348,,,,,,,,,,-0.0748995936828847,1.4687297422689598,1.0024131687780402,0.7344192541040442
,795.563,995.372,1018.9,0.9995639999999999,0.0295264272135995,,9.76356,,,,,,,,,,-0.0725350348794627,1.46873057277923,1.00258814562041,0.7112809563143891
,764.695,993.547,1014.0,0.9993629999999999,0.0356874520104755,,9.766960000000001,,,,,,,,,,-0.0663354381977481,1.4687658570197202,1.00301689558373,0.650805083711766
,980.248,972.538,1046.87,0.9996860000000001,0.0250579608907045,,9.76787,,,,,,,,,,-0.076960446222325,1.46877529661917,1.00225134545307,0.754923095554515
,790.941,981.655,1001.81,0.998345,0.0575087904150307,,9.768839999999999,,,,,,,,,,-0.0444704329863903,1.46878535669345,1.0042319620564,0.436550827842031
,939.8689999999999,990.087,1007.9,0.9984219999999999,0.0561561209130398,,9.770430000000001,,,,,,,,,,-0.0458088064627529,1.4688018426424199,1.0041695587986401,0.44975255154760896
,730.7769999999999,998.3,1015.57,0.9995149999999999,0.0311410464660376,,9.77685,,,,,,,,,,-0.0707818903045576,1.4688683545782302,1.00270018198254,0.6950536598585201
,956.0419999999999,962.2339999999999,1024.44,0.999625,0.02738356030541,,9.7772,,,,,,,,,,-0.0745373648973471,1.4688719781335802,1.00242575689414,0.7318904541819449
,792.487,986.008,1008.68,0.999099,0.0424404076205694,,9.78544,,,,,,,,,,-0.0593859554429574,1.46895721286675,1.00343609752659,0.583800937653376
,698.2489999999999,519.309,701.307,0.9894379999999999,0.144956697520328,,9.786019999999999,,,,,,,,,,0.0436360878940649,1.46896320704755,1.00425063041771,-0.429111141067882
,683.664,998.078,1004.51,0.9994069999999999,0.0344332448514501,,9.78605,,,,,,,,,,-0.0673927569515949,1.46896351707225,1.00292560503998,0.6624415442214671
,955.382,959.3889999999999,1018.56,0.9993290000000001,0.0366271724133867,,9.7867,,,,,,,,,,-0.06519072609215401,1.46897023381235,1.00307154574202,0.6408698517419079
,965.288,950.158,1019.79,0.998347,0.0574740601576053,,9.791739999999999,,,,,,,,,,-0.0442682930461604,1.46902228443012,1.0042166472902299,0.43557594619237
,905.245,993.137,1020.38,0.9996450000000001,0.0266434602670147,,9.79177,,,,,,,,,,-0.0751271191741889,1.46902259409646,1.0023660055247399,0.7387583650612528
,676.815,994.181,1000.08,0.998848,0.0479861740087714,,9.79311,,,,,,,,,,-0.0537552936554526,1.4690364239446398,1.00374799336358,0.528914119452961
,980.737,972.505,1043.29,0.9993790000000001,0.0352365486249713,,9.79363,,,,,,,,,,-0.0665106926494032,1.4690417897426498,1.00297690482436,0.654285280290022
,737.008,997.765,1013.47,0.9995059999999999,0.0314285851415553,,9.795639999999999,,,,,,,,,,-0.0703000400760552,1.4690625253140899,1.00271442590597,0.691642894243975
,672.477,993.552,1012.88,0.998141,0.0609470599701093,,9.79688,,,,,,,,,,-0.0407361586494139,1.46907531320805,1.00436206833707,0.40104996712003604
,665.073,981.3889999999999,1001.07,0.9985629999999999,0.0535904378690831,,9.79955,,,,,,,,,,-0.0480773667838847,1.46910283755808,1.00403166313954,0.47340082458002797
,738.788,998.451,1012.02,0.999193,0.0401665128060677,,9.80119,,,,,,,,,,-0.0614992691652898,1.4691197365426,1.00329112612612,0.605513376350297
,714.737,994.703,1007.0,0.9994860000000001,0.0320583187955954,,9.80313,,,,,,,,,,-0.069592794631407,1.46913971957973,1.00275621255411,0.6852141332653339
,791.938,991.205,1008.4,0.9996700000000001,0.0256883456065216,,9.803989999999999,,,,,,,,,,-0.075956579561721,1.46914857553559,1.00229019296292,0.7478217165571178
,740.2460000000001,993.153,1000.53,0.998934,0.0461612786218061,,9.80476,,,,,,,,,,-0.0554621351340558,1.4691565034007499,1.0036420477871801,0.546333741820061
,739.688,990.334,1002.05,0.999592,0.0285627998627573,,9.8059,,,,,,,,,,-0.0730614032604129,1.4691682384968798,1.00250481777937,0.7195080408257879
,732.125,998.74,1013.13,0.9992530000000001,0.038645077189728996,,9.8061,,,,,,,,,,-0.0629713270975518,1.46917029700723,1.0031939222004398,0.6202955085697989
,742.0930000000001,997.5419999999999,1006.42,0.998677,0.0514222682405194,,9.80741,,,,,,,,,,-0.0501675911310007,1.46918377819549,1.0039202057230698,0.49435773223524704
,794.005,996.959,1006.9,0.999698,0.024574555865773996,,9.8076,,,,,,,,,,-0.0770335636052548,1.46918573318637,1.00220366457296,0.758680585890835
,797.0989999999999,988.704,1012.12,0.998976,0.0452432472751465,,9.80954,,,,,,,,,,-0.0563319397807109,1.46920569038239,1.00358816808078,0.555160556124559
,746.6189999999999,979.0360000000001,1002.6,0.999317,0.0369531258623676,,9.818430000000001,,,,,,,,,,-0.0645377417588096,1.46929704387963,1.00308064916411,0.6364953204391539
,916.6030000000001,973.597,1019.48,0.998973,0.0453094390938577,,9.81898,,,,,,,,,,-0.0561686801020824,1.4693026902929398,1.00358747513834,0.554080523726192
,973.9760000000001,921.0219999999999,1022.17,0.9995120000000001,0.0312371870692623,,9.82082,,,,,,,,,,-0.0702324819222915,1.46932157556218,1.00269271068091,0.692737208486447
,716.6439999999999,984.954,1001.54,0.9991479999999999,0.041270741403565,,9.822189999999999,,,,,,,,,,-0.060178228176303,1.46933563232853,1.00334978609898,0.593778936493318
,718.9989999999999,998.553,1011.33,0.9986280000000001,0.0523652328935916,,9.827760000000001,,,,,,,,,,-0.0490143894968822,1.46939274288732,1.00395629789226,0.48399505877767696
,696.34,994.508,1006.02,0.998891,0.0470825882784714,,9.82785,,,,,,,,,,-0.0543026607753814,1.46939366515311,1.0036817312666,0.536170384787426
,673.676,993.113,1006.2,0.998182,0.0602718414850582,,9.83438,,,,,,,,,,-0.0410273979153211,1.46946053607708,1.00431068747039,0.40544580753617293
,720.202,994.066,1004.78,0.999727,0.0233650480632918,,9.83581,,,,,,,,,,-0.07795398391736799,1.46947516836265,1.0021025082767199,0.7699128266085941
,689.988,994.48,1005.34,0.998635,0.0522315687587488,,9.8598,,,,,,,,,,-0.048820963243714,1.4697200164451598,1.00393242679961,0.483642178352489
,971.439,982.3839999999999,1017.93,0.9985870000000001,0.053141353304183,,9.86117,,,,,,,,,,-0.0478959663347403,1.4697339634232802,1.003975950125,0.47455108103739
,764.707,989.295,1009.37,0.999231,0.0392098028431671,50757.3,9.86151,,,,,,,,,,-0.0618390459565963,1.46973742412303,1.00320704452494,0.612563137164079
,910.5310000000001,994.7860000000001,1015.0,0.999591,0.0285977747211209,50756.3,9.8634,,,,,,,,,,-0.0724379953687062,1.4697566572371599,1.0024903830445,0.7175197088156959
,781.5219999999999,991.8539999999999,1006.1,0.9987959999999999,0.0490566038775612,50754.3,9.864339999999999,,,,,,,,,,-0.0519538051837518,1.4697662201965702,1.00376912581253,0.514884980106418
,771.6619999999999,994.655,1017.7,0.999131,0.0416802691809929,50753.3,9.86448,,,,,,,,,,-0.0593363357182226,1.46976764431277,1.00335628802136,0.587976818269479
,640.831,991.9910000000001,1006.04,0.999165,0.0408571018918384,50750.3,9.869660000000001,,,,,,,,,,-0.060107540711652,1.4698203084984698,1.0033046666037,0.5959192957421989
,722.4760000000001,997.0089999999999,1002.76,0.9986799999999999,0.0513639718090411,50747.3,9.87144,,,,,,,,,,-0.0495713500704584,1.46983839282817,1.0038832906859598,0.491643634125359
,973.096,730.5310000000001,736.007,0.989078,0.14739304568398098,50746.3,9.87169,,,,,,,,,,0.0469766154467304,1.46984093224511,1.00400888272464,-0.465940455148094
