Z7,mH,mA,mHc,sinba,cba,m12,tb,Z4,Z5,l1,l2,l3,l4,l5,l6,l7,alpha,beta,kappa1tt,kappa1bb,X_sect_bg_tot,X_sect_bg_h,X_sect_bg_H,X_sect_bg_A,X_sect_bq_tot,X_sect_bq_h,X_sect_bq_H,X_sect_bq_A,X_sect_qq_tot,X_sect_qq_h,X_sect_qq_H,X_sect_qq_A,Sign
3.30847,786.736,569.889,586.559,0.998853,0.04789,34728.7,5.22789,2.11572,2.7517,4.8319,0.752061,16.4874,3.57864,4.21462,1.33E-15,-1.50E-15,0.288422495224159,1.38183286172919,0.976068,-1.51426,,0.011075836,0.06236591961,,,0.03346922,0.00092477714,2.92E-05,,0.00250326,,,0
,835.529,938.165,1007.88,0.998876,0.0474103,34656.3,5.29018,,,,,,,,,,2.93933584021867,1.38403160173212,-0.996952624048342,-1.08185976753348,,0.0124366129,0.05225942346,1.55E-05,,0.03424289,6.95E-06,4.20E-06,,0.002311582626,8.31E-05,0.00031613,1
3.10376,861.282,406.455,747.233,0.998199,0.059997,36798.4,5.1812,-5.03942,7.93062,5.32644,0.220488,17.736,-3.60472,9.36533,1.33E-15,-1.44E-15,0.181099680645515,1.3801567680596,1.0018,-0.950526,0.0655519705448,0.0119595252,0.05224392295,,,0.02992079,0.00049293499,8.87E-05,0.0036234248,0.0023688172,0.00081304,0.0004494432,0
3.93999,856.665,377.438,743.424,0.998548,0.0538668,37320.5,5.14903,-5.45087,8.08224,1.26085,0.267464,18.1176,-3.82317,9.70994,8.88E-16,-1.17E-15,0.193455947218384,1.37899292336717,0.999677,-1.00851,0.0569288431869,0.080851591,0.0432773147,,,0.03410861,0.00053263987,0.00011246297,0.0036007891,0.0023634557,0.000807152,0.0004554329,0
,933.534,941.583,1013,0.999197,0.0400545,45563.6,5.3093,,,,,,,,,,-0.137084934400143,1.38463509098018,1.00803541920553,0.738330452278128,0.040857847718,0.1023156,0.028599021081,1.62E-05,,0.0343235,1.51E-05,4.15E-06,0.0033896568,0.0023463131,0.000621386,0.0004216737,1
-0.489898,623.286,600,665.591,0.997665,0.0682921,44123.4,5.14574,-2.34641,0.392106,6.35629,0.0674205,5.65492,-2.30659,0.431932,5.55E-17,-1.87E-16,-0.0791538013245949,1.37895076025512,1.0155,0.4147,0.04178615986,0.034764121,0.027004330722,,,0.03260817,0.000133492777,2.21E-05,0.0034544182,0.0023695099,0.000666087,0.0004372712,1
,815.325,932.133,1000.35,0.999904,0.0138560739028041,182113,5.14335,,,,,,,,,,-0.179065577463102,1.3787691772029,1.00243595442785,0.933250927749804,0.0118982081329,0.0108310872,0.0160470005771,1.55E-05,,0.03437436,1.15E-05,4.14E-06,,0.002333925886,9.20E-05,5.67E-05,1
,815.659,933.661,1000.3,0.999176,0.0405872027121863,164661,5.15034,,,,,,,,,,-0.167601963196948,1.37911059239198,1.00438344930797,0.875622658555736,0.0120175631379,0.0109913044,0.0158266375,1.47E-05,,0.03437868,1.49E-05,4.13E-06,,0.002446392,0.00011522173,0.000988645,1
,840.293,960.549,1020.3,0.998796,0.0490566038775612,160321,5.30949,,,,,,,,,,2.95147285756828,1.38467653344005,-0.999238805129268,-1.02123475751433,0.0121836853612,0.0107246556,0.0132584693781,1.11E-05,,0.03427044,7.43E-06,3.86E-06,,0.002323249447,7.96E-05,5.86E-05,1
,835.994,936.408,1014.29,0.999796,0.0201979797009493,178090,5.28865,,,,,,,,,,2.94697534726623,1.3839250065288,-0.998505423911965,-1.04093687122654,0.0108924772704,0.0107150699,0.0131767397665,2.23E-05,,0.03428212,7.24E-06,4.20E-06,,0.002320189477,8.17E-05,5.76E-05,1
2.11969,723.3,397.119,664.072,0.995932,0.0901039,48463.6,5.23317,-4.46937,4.87628,4.41714,0.271758,14.5526,-3.47708,5.86858,-1.78E-15,2.28E-15,0.191229720647508,1.38199467920963,0.999533,-1.01271,0.0297528987127,0.0135718225,0.01249663152,,,0.03197763,0.00076158427,8.64E-05,0.0034003083,0.0023828809,0.000577776,0.0004252119,0
,849.587,949.361,1018.51,0.999977,0.0067822909846151,166906,5.25046,,,,,,,,,,-0.168947320435364,1.38261332574001,1.00347794574557,0.898812746432087,0.0143028667554,0.0109158512,0.0107493590692,1.47E-05,,0.03439393,1.12E-05,3.95E-06,,0.002335988489,7.85E-05,4.82E-05,1
,848.454,949.855,1016,0.999729,0.0232793161196812,132540,5.27895,,,,,,,,,,-0.178964297900489,1.38358579427873,1.00152805612738,0.956434373441948,0.0215384843409,0.010775431,0.0104779376773,1.34E-05,,0.03429566,8.72E-06,3.99E-06,,0.002330137272,7.92E-05,0.00032191,1
,842.819,941.717,1006.14,0.998839,0.0481731468662775,168146,5.13211,,,,,,,,,,2.93676011756013,1.37837354404134,-0.997505227538636,-1.06361554074185,,0.0107238795,0.0101482076236,1.35E-05,,0.03428545,6.51E-06,3.97E-06,,0.002318046047,8.29E-05,4.88E-05,1
,847.1,949.576,1012.14,0.999987,0.0050990029417604,182278,5.22413,,,,,,,,,,2.94737478683872,1.38167748508138,-0.999011019006303,-1.02662668987921,0.0107627334586,0.0106956908,0.0101428703902,1.24E-05,,0.03426853,6.89E-06,3.94E-06,,0.002324252415,8.06E-05,5.36E-05,1
4.58216,921.989,769.507,801.047,0.998835,0.0482564,53201.6,5.13335,0.806576,2.44072,0.578762,0.187437,19.9515,2.67669,4.31084,-3.11E-15,2.78E-15,0.17913899442599,1.37844117836522,1.00249,-0.932059,0.0181334235498,0.0112141148,0.0053296251298,,,0.03313675,0.00041963798,9.25E-06,0.0033604065,0.0023600851,0.000561478,0.0004331484,0
,820.481,925.166,1002.85,0.997996,0.0632698,52352.5,5.16557,,,,,,,,,,-0.180250417221418,1.37959140365038,1.00206041711003,0.943349058796693,0.0180707151496,0.0108337251,0.0039781066525,2.33E-05,,0.03437299,1.06E-05,4.27E-06,0.0033526066,0.0023656129,0.000553142,0.0004335443,1
,932.707,940.231,1018.49,0.999288,0.0377292069357426,144369,5.1756,,,,,,,,,,-0.148101524744796,1.38007702538477,1.0073175466474,0.77841663168588,0.0182985766033,0.0116880774,0.000144565279305,2.29E-05,,0.03438789,1.30E-05,4.00E-06,,0.00235257135,6.10E-05,5.00E-05,1
,961.454,958.32,1049.68,0.940728,0.339163,68211.1,5.15506,,,,,,,,,,2.93782403778448,1.37919331107217,-0.997566142771953,-1.06263933801095,0.103545233758,0.079933451,6.26E-05,0.000311814714823,,0.03427865,3.73E-06,3.64E-06,0.003532369,0.002594904,0.0003826097,0.000544543,1
3.43673,753.344,564.512,582.369,0.994873,0.101137,58697.1,5.24549,1.57431,2.24993,1.91552,0.664473,15.4267,2.97902,3.65464,-8.88E-16,6.66E-16,0.280023249497702,1.38248655303375,0.978344,-1.47639,0.0189766296935,0.0154992176,5.55E-05,,,0.03428386,0.00098433755,3.03E-05,0.0033378174,0.0023898616,0.0004975058,0.0004395355,0
-0.31291,576.709,739.736,619.11,0.999991,0.004129,37328.2,8.74057,1.86729,-3.54016,3.21567,0.253701,2.15104,1.83352,-3.57393,0,2.60E-17,-0.109671072121712,1.45688261080407,1.00047639524781,0.962907985526375,0.0108036047889,0.0107272297,5.18E-05,,,,,,0.00310276397,,,,1
2.59886,716.126,470.622,633.014,0.93802,0.346582,70440.5,5.3142,-2.83299,3.07952,4.78305,0.685561,17.7228,-1.67416,4.23835,1.78E-15,-1.94E-15,0.290698485663272,1.38485374229926,0.974848,-1.55037,0.108854451402,0.103149696,5.04E-05,,,0.03308816,0.00116630144,4.89E-05,0.0035423715,0.002603741,0.0003507368,0.000586048,0
,979.48,994.56,1098.86,0.951361,0.308078,62605.5,5.20302,,,,,,,,,,-0.176456655806315,1.38092316249848,1.00248841878841,0.930102914817018,0.0850818300793,0.085022515,4.73E-05,0.000804265169269,,0.0343559,5.10E-06,3.13E-06,0.00335337886,0.002629151,0.0004821985,0.00024955762,1
,962.584,950.035,1014.78,0.939807,0.341705,64952.2,5.30469,,,,,,,,,,-0.157289374683572,1.38448869773641,1.00504798753157,0.845652381198915,0.172833147596,0.128873342,4.39E-05,1.29E-05,,0.03437176,7.90E-06,4.03E-06,0.0041050504,0.002672016,0.0004079497,0.001038308,1
-1.29269,630.787,600,646.496,0.999539,0.0303757,88601.4,5.31297,-1.28801,0.623987,7.79298,0.237121,1.57354,-1.52449,0.387511,4.44E-16,2.78E-17,-0.173229258656828,1.38476073215223,1.00233,0.931859,0.0114421351699,0.0113900636,4.39E-05,,,0.03248238,2.61E-05,2.39E-05,0.00268268544,0.00234929825,0.0002188457,0.000110934,1
-0.398568,748.785,895.893,779.902,0.929278,0.369381,87515,5.26484,2.41983,-3.99264,3.07576,0.213968,2.52582,2.36613,-4.04635,2.78E-16,7.63E-17,-0.173664946948371,1.38313126551068,1.00256,0.926111,0.215964269583,0.052046434,3.69E-05,,,0.0337411,1.41E-05,7.47E-06,0.00356074152,0.002575925,0.0002420018,0.000739886,1
2.11523,751.551,887.291,684.41,0.999856,0.0169749,70965.1,5.19049,5.67318,-4.84625,5.23353,0.223495,14.8026,6.70545,-3.81398,0,2.78E-17,0.17846369171407,1.38052767352997,1.0022,-0.938631,0.0110408175601,0.0109233945999999,3.67E-05,,,0.0338545,0.00066156359,1.06E-05,0.00312489257,0.00233772857,0.0003808405,0.0004032632,0
2.0715,726.733,388.14,651.015,0.934763,0.355272,98873.4,5.32798,-4.26778,4.74401,6.80501,0.497837,16.7631,-3.23943,5.77236,2.22E-16,-7.49E-16,0.246598077015596,1.38527931884793,0.986679,-1.32339,0.102358016992,0.090198996,3.46E-05,,,0.03186999,0.00095101907,9.28E-05,0.00278895272,0.002470484,0.0001826735,0.00013675523,0
1.99288,741.935,862.533,715.196,0.927232,0.374487,94367.3,5.23749,3.38261,-4.28617,5.17552,0.206682,15.9617,4.35376,-3.31502,-1.33E-15,1.42E-15,0.171291766689839,1.38213969410246,1.00316,-0.908902,0.270842356296,0.048115538,3.27E-05,,,0.0318242,0.00066334401,9.76E-06,0.00358584908,0.00256693,0.0002135112,0.000809417,0
3.98963,836.996,790.34,645.88,0.928653,0.37095,94658.9,5.23348,6.35543,-0.489228,0.870488,0.382302,15.105,7.95566,1.11101,-8.88E-16,1.05E-15,0.214688998360152,1.38199961051555,0.994718,-1.13516,0.312999784571,0.116438293,3.22E-05,,,0.03400112,0.0005937923,1.42E-05,0.00371063192,0.002578175,0.0002185507,0.000915068,0
-1.3397,462.844,600,612.799,0.993657,0.112453,72283.4,5.14842,-2.92616,-2.41406,8.30781,0.208035,6.71564,-3.16098,-2.64889,8.88E-16,1.11E-16,-0.137928095262085,1.3789729345187,1.00901,0.721187,0.0207958321055,0.0207040639999999,3.20E-05,,,0.03011578,0.00014191535,2.43E-05,0.0031728762,0.0023975276,0.0003694718,0.000406809,1
3.11339,866.297,598.859,626.589,0.935915,0.352226,100025,5.2376,4.11553,5.23658,2.98546,0.0402736,9.2448,5.45662,6.57768,1.33E-15,-1.22E-15,0.135139358112247,1.38216958483699,1.00878,-0.718514,0.103110264529,0.086946448,3.11E-05,,,0.03225528,0.000352008062,2.43E-05,0.0028196928,0.002494811,0.0001883243,0.00013757593,0
3.69827,879.291,611.411,647.702,0.9487,0.316177,85063.6,5.16071,3.7847,5.29218,0.608802,0.0203509,9.88015,5.29595,6.80342,4.44E-16,-1.33E-15,0.136345017118628,1.37940052333721,1.00915,-0.714515,0.088088068,0.088088068,2.99E-05,,,0.03283449,0.000349174555,2.18E-05,,0.002567041,0.0002913564,0.000598852,0
2.68132,760.429,767.774,609.414,0.936116,0.351692,92853.2,5.22298,5.45218,-1.74261,4.70417,0.44305,14.338,6.6741,-0.520682,4.44E-16,-5.00E-16,0.232954587733094,1.38166158005615,0.990655,-1.22788,0.893233122363,0.106399504,2.88E-05,,,0.03054345,0.00080425628,1.69E-05,0.00574652871,0.002571962,0.00023638493,0.002922711,0
2.32881,704.956,600,596.157,0.993588,0.113061,73204.1,5.18628,1.59,1.43835,0.588399,0.112105,9.17979,2.53982,2.38817,-2.22E-16,3.61E-16,0.137000637823497,1.38043534940745,1.00885,-0.721785,0.0209956484198,0.020912476,2.87E-05,,,0.03215539,0.00059085832,2.55E-05,0.0031790005,0.0024024477,0.0003665403,0.000410527,0
3.03996,694.551,366.516,616.9,0.999451,0.0331232,59764,5.2388,-3.77586,4.34729,0.0689125,0.477134,14.859,-2.58645,5.5367,4.44E-16,-3.89E-16,0.250943720994177,1.38220122365052,0.986165,-1.32451,0.0116809381661,0.0116377064,2.78E-05,,,0.03348878,0.00106408386,0.00010546667,0.00307382077,0.0023485674,0.0005395619,0.00018547666,0
,983.955,995.266,1088.95,0.927384,0.374111,97226.1,5.22989,,,,,,,,,,-0.154311853859433,1.38187060838033,1.00601805883872,0.818408019857215,0.120304694822,0.036492158,2.73E-05,0.000343844866861,,0.03433643,8.92E-06,3.16E-06,0.00354914024,0.002697789,0.0002404404,0.000614393,1
,956.237,997.476,1084.03,0.932785,0.360432,103266,5.19215,,,,,,,,,,-0.17400037006132,1.38054770119015,1.00299691353723,0.915499233378842,0.110195372391,0.110159789,2.71E-05,0.000128050056274,,0.03438475,6.13E-06,3.10E-06,0.00286870513,0.002545916,0.00019199238,0.00013260278,1
,996.486,975.83,1025.28,0.996179,0.0873371,77703.5,5.25563,,,,,,,,,,-0.180660920081197,1.38292428853863,1.00134492313281,0.962043847130538,0.0168924093036,0.016742207,2.63E-05,8.71E-06,,0.034347,3.88E-06,3.58E-06,0.0031109902,0.0023862557,0.0003286787,0.000390537,1
,962.843,949.73,1016.7,0.936519,0.350617,94609.7,5.25378,,,,,,,,,,-0.165988994823335,1.38271616073451,1.00396026461527,0.883697543016232,0.105638187972,0.084226042,2.59E-05,1.37E-05,,0.03438931,6.51E-06,3.96E-06,0.003351061,0.002610514,0.00023689068,0.000500223,1
,955.557,997.737,1081.05,0.99437,0.105959,73841.6,5.30842,,,,,,,,,,-0.17470562567064,1.38460151264005,1.00209824867259,0.938944869836003,0.0195879787314,0.019490905,2.55E-05,6.06E-05,,0.03434471,5.50E-06,3.22E-06,0.00311179,0.0023886925,0.0003324534,0.000392656,1
5.0788,876.938,534.879,699.314,0.926882,0.375353,106888,5.38328,-1.24675,5.44838,0.384977,0.853277,22.599,0.691179,7.38631,8.88E-16,-6.66E-16,0.283215492369543,1.38714747878769,0.976584196293479,-1.53021097711277,0.136131649309,0.063018527,2.55E-05,,,,,,0.00320655443,0.002544519,0.00016954999,0.000498648,0
3.68503,756.578,385.411,606.568,0.999918,0.0128095,69708.5,5.31316,-2.48532,4.75211,2.38402,0.960819,18.958,-0.997076,6.24036,-2.22E-15,2.83E-15,0.330482292109935,1.38479493774838,0.962487,-1.75471,0.0109580689826,0.0108842598,2.31E-05,,,0.03396826,0.00118171845,9.05E-05,0.0031181968,0.0023323213,0.0003700625,0.0004173887,0
,955.973,985.323,1035.02,0.999974,0.0072110556786049,173338,5.26686,,,,,,,,,,-0.148688408189799,1.38322102427788,1.0066231300661,0.794419250949594,0.0107639996824,0.0115104357,2.29E-05,8.42E-06,,0.03438063,1.08E-05,3.45E-06,,0.00234947635,5.44E-05,5.64E-05,1
1.87633,738.989,270.398,660.478,0.946894,0.321545,93785.9,5.18957,-5.53534,6.44382,7.31233,0.357677,15.5307,-4.52575,7.45341,6.66E-16,-1.17E-15,0.214592164961515,1.38043570742376,0.995038,-1.12544,0.0915798638286,0.0915322119999999,2.11E-05,,,0.03334386,0.00081521602,0.0002679509,0.00336491473,0.002636221,0.00027461238,0.0004664346,0
,965.094,970.965,1043.11,0.999092,0.0426048769039419,163863,5.17958,,,,,,,,,,-0.160784205998289,1.38007774408142,1.00533042041498,0.844527056906845,0.0119427514214,0.0111398777,2.02E-05,1.50E-05,,0.03433029,8.16E-06,3.50E-06,,0.002343787783,5.26E-05,5.65E-05,1
,986.798,961.835,1008.63,0.9997,0.0245058,100216,5.16851,,,,,,,,,,-0.178214251826669,1.37969788712482,1.00240949501918,0.93331983141086,0.0111896344482,0.0111522926,2.01E-05,8.95E-06,,0.03438648,4.48E-06,3.74E-06,0.00265046086,0.00234204563,0.0001943576,0.0001151097,1
3.72814,881.402,682.758,691.05,0.935642,0.352951,120406,5.20451,3.0608,3.43663,3.24042,0.241487,15.3233,4.65921,5.03505,-2.22E-15,2.39E-15,0.185645923402407,1.38097123834839,1.00079,-0.978244,0.104923206994,0.104895059,2.01E-05,,,0.03290133,0.000461879144,1.56E-05,0.00279839708,0.002514265,0.00015123754,0.00013443929,0
,955.751,988.368,1019.22,0.996409,0.0846668,67323.5,5.19935,,,,,,,,,,-0.168026216172116,1.38081517127926,1.00398060216948,0.885598096235919,0.0166451417508,0.016598386,1.99E-05,6.62E-06,,0.03435743,6.70E-06,3.40E-06,0.0032862473,0.0023842065,0.0004421732,0.0004569016,1
-0.150673,689.713,760.64,654.476,0.947228,0.320561,99638.8,5.19534,3.2365,-1.71973,3.1735,0.118838,0.793718,3.28957,-1.66666,1.25E-16,-1.25E-16,-0.135167102941714,1.38066777973531,1.00906,0.713077,0.0909059323762,0.090855403,1.98E-05,,,0.03290094,3.80E-05,1.43E-05,0.00327479518,0.002594927,0.00024199889,0.0004455114,1
3.60317,871.514,573.284,739.978,0.930705,0.365771,136899,5.21442,-2.0515,5.17043,5.13508,0.422256,19.9703,-0.445452,6.77648,-1.78E-15,2.50E-15,0.219332668425637,1.38154415457545,0.993787,-1.15656,0.373114734359,0.106221057,1.96E-05,,,0.03289772,0.0005700561,2.56E-05,0.00318606471,0.0024347,0.00010899215,0.000642462,0
1.51569,603.334,543.241,635.064,0.935311,0.353827,135064,5.15381,-3.09382,0.475507,1.88202,0.182404,11.9581,-2.41874,1.15059,-2.22E-16,2.22E-16,0.154421438011355,1.37919186047497,1.00652,-0.807675,0.575296411245,0.100737752,1.93E-05,,,0.03211015,0.00093749732,3.01E-05,0.00354157461,0.002446392,0.00011522173,0.000988645,0
4.27128,775.866,376.388,605.359,0.998988,0.0449736,79299.4,5.26088,-2.11487,5.30098,0.0611437,0.927066,18.5694,-0.461948,6.9539,-2.22E-15,2.50E-15,0.320598400199149,1.38299786230938,0.966032,-1.68796,0.0124718757723,0.0124411539,1.93E-05,,,0.03423581,0.00108207175,9.63E-05,0.0029042164,0.002355925,0.0003266594,0.0002151368,0
,957.829,995.175,1089.87,0.936605,0.350387,119737,5.20651,,,,,,,,,,-0.189705537362957,1.38109078943194,1,1,0.105149294427,0.105121603,1.86E-05,0.000382968857251,,0.03428223,4.21E-06,3.13E-06,0.00287158547,0.002549662,0.00016032234,0.00016190927,1
3.22711,876.879,770.981,752.449,0.934082,0.357059,139470,5.1428,2.47335,1.54198,3.36665,0.0434688,15.1997,3.90345,2.97208,8.88E-16,-7.22E-16,0.142106653001814,1.37875169239494,1.00846,-0.74204,0.594804922092,0.102901054,1.82E-05,,,0.03325659,0.000383640762,1.02E-05,0.00356257237,0.002450731,0.00010866379,0.001026112,0
-1.65707,568.317,850.489,585.457,0.931697,0.363237,136373,5.1818,5.93129,-6.62374,7.61324,0.415607,-0.22009,5.53541,-7.01961,8.88E-16,-3.33E-16,2.88807337994413,1.38016825706755,0.985894,1.32373,0.359363818231,0.107169691,1.82E-05,,,0.03406943,4.99E-05,1.69E-05,0.00327987166,0.002476649,0.00011495245,0.000698015,1
2.56692,838.334,596.588,614.848,0.927256,0.374428,125971,5.26973,3.92332,4.6531,4.09952,0.0284006,8.42484,5.08039,5.81017,4.44E-16,-4.44E-16,0.124625640981108,1.38330618180437,1.00994,-0.666888,0.120550716823,0.120500106,1.79E-05,,,0.03173794,0.000354950478,2.54E-05,0.00337631545,0.002704234,0.00015843088,0.0005116744,0
2.38084,781.52,433.572,712.33,0.931264,0.364344,150340,5.33509,-4.96169,5.57629,6.12754,0.33053,17.5756,-3.83313,6.70485,-4.44E-16,1.28E-15,0.201664406350689,1.38555755846801,0.996787,-1.08751,0.100874411686,0.100837328,1.70E-05,,,0.03283401,0.00066894957,6.87E-05,0.00264533153,0.002404944,8.43E-05,0.0001593083,0
0.264689,709.538,919.442,682.295,0.945582,0.325383,109239,5.32247,6.88295,-5.64818,0.110584,0.167013,0.23724,6.98402,-5.54711,-1.94E-16,2.08E-16,-0.154008058746191,1.38513256274651,1.00544,0.831051,0.0931526144086,0.093104283,1.67E-05,,,0.03253913,2.29E-05,1.06E-05,0.00326399139,0.002603665,0.00020098254,0.0004534373,1
3.35776,803.065,683.578,627.814,0.950612,0.310382,109926,5.25115,3.56553,1.15304,3.49926,0.494078,15.67,5.00148,2.58899,0,2.78E-16,0.238424157986672,1.38263292192436,0.989171,-1.26258,0.0848291031439,0.0847939809999999,1.67E-05,,,0.03037482,0.00072563946,1.86E-05,0.00301633917,0.002527517,0.00019072225,0.000300673,0
,861.831,968.021,1027.5,0.999718,0.0237428,99688,5.20021,,,,,,,,,,2.94324736962213,1.38081766749535,-0.998356136026155,-1.0434731996601,0.0111939671012,0.010944736,1.61E-05,1.08E-05,,0.03426944,6.16E-06,3.60E-06,0.00265930074,0.00234345699,0.0001996487,0.00011233731,1
,973.548,979.656,1008.84,0.999902,0.0140129,102150,5.26594,,,,,,,,,,-0.180421926369972,1.38316328224985,1.0013431375276,0.961994379288583,0.0108950119884,0.0107467966,1.60E-05,6.66E-06,,0.03434682,4.34E-06,3.62E-06,0.0026240991,0.00233591139,0.0001820444,0.00010866541,1
,938.715,957.099,1008.74,0.923983,0.382433544175978,,5.13162,,,,,,,,,,-0.144248540258098,1.37835598800056,1.00822561620002,0.751609111236108,,,1.59E-05,9.89E-06,,0.03433922,1.43E-05,3.73E-06,,0.00235757599,6.14E-05,4.88E-05,1
-0.387233,566.372,600,625.061,0.933426,0.358769,154302,5.24499,-1.71129,-0.698465,4.97371,0.115644,5.2557,-1.68771,-0.674884,2.22E-16,2.64E-16,-0.0870741851382353,1.38241679114524,1.01415,0.464361,0.0984234211209,0.0983793509999999,1.58E-05,,,0.03317542,0.00014579018,2.43E-05,0.00265052081,0.00240099,8.30E-05,0.0001663723,1
,901.867,979.445,1014.65,0.930335,0.366711,142939,5.20458,,,,,,,,,,-0.170017586873056,1.38097942665086,1.00360779297207,0.896759069090717,0.112597639055,0.112562602,1.54E-05,7.16E-06,,0.03436461,8.36E-06,3.52E-06,0.00293342888,0.002541375,0.00011633662,0.0002802519,1
,942.638,919.53,1012.16,0.999421,0.0340244729422806,146617,5.22483,,,,,,,,,,-0.142232357748919,1.38171953230349,1.00786399761952,0.754198483370872,0.0146482028977,0.0120271594,1.52E-05,0.000420298696844,,0.03435939,1.37E-05,4.43E-06,,0.00235502765,5.95E-05,4.56E-05,1
4.05297,839.777,390.212,728.95,0.931786,0.363008,160152,5.13444,-5.40555,7.10101,2.08808,0.520492,20.3569,-3.70512,8.80143,1.33E-15,-1.72E-15,0.242665041661723,1.37845177624531,0.988938,-1.25701,0.103238956201,0.103207766,1.51E-05,,,0.03324469,0.0007017365,9.88E-05,0.00266680225,0.002419375,8.52E-05,0.000163859,0
3.9532,813.521,725.772,581.96,0.944297,0.329093,143934,5.17374,6.5438,0.339437,1.13971,0.513799,13.9291,8.15417,1.94981,2.66E-15,-2.39E-15,0.243604164865159,1.37992274118662,0.988426,-1.27138,0.0882076391754,0.0881784009999999,1.42E-05,,,0.03406343,0.00071229513,2.00E-05,0.00272766112,0.002443092,0.00010552771,0.0001796693,0
,983.435,995.365,1086.67,0.944689,0.327969,145125,5.14295,,,,,,,,,,-0.178173546194085,1.37876626328662,1.00259797841928,0.928637362292012,0.0901069887908,0.090081734,1.32E-05,0.000266253247578,,0.03436947,4.95E-06,3.08E-06,0.00275314293,0.002465818,0.00011121821,0.0001801851,1
3.01557,877.749,757.62,776.225,0.944289,0.329116,148541,5.1726,0.950677,1.89212,4.64044,0.0592027,16.6516,2.33302,3.27446,0,-7.22E-16,0.144415087584459,1.37986693682143,1.00791,-0.758348,0.088359419269,0.040606325,1.32E-05,,,0.03308693,0.000390203057,1.02E-05,0.00268145527,0.002437842,9.97E-05,0.0001552807,0
,940.916,920.534,1000.6,0.928824,0.370522,153004,5.16392,,,,,,,,,,-0.172737785839495,1.37956503540765,1.00340908262833,0.904308646281437,0.119530936064,0.119498649,1.29E-05,3.13E-05,,0.03438936,6.40E-06,4.36E-06,0.003211045568,0.0027045,0.000120057393,0.0003906893,1
2.47109,720.44,507.86,636.372,0.942663,0.333747,148614,5.30608,-2.32009,2.53098,5.84293,0.710506,18.1068,-1.17233,3.67874,0,-1.67E-16,0.294584745254964,1.38458060579018,0.973757,-1.56822,0.0922376501517,0.081223339,1.23E-05,,,0.03308542,0.00117034017,3.86E-05,0.0028040508,0.002469941,0.00010399046,0.0002278183,0
,909.496,996.045,1011.65,0.936897,0.349605,157952,5.14478,,,,,,,,,,-0.152724629397774,1.37882634513823,1.00685590452244,0.797364490738808,0.102897504062,0.102876792,1.22E-05,5.66E-06,,0.03442092,1.32E-05,3.29E-06,0.00273990458,0.002490375,0.00010098828,0.0001503746,1
,949.138,985.148,1035.92,0.999499,0.0316391,92361.1,5.32405,,,,,,,,,,-0.156322022014175,1.38518162047185,1.00507068084349,0.843595410977346,0.0115354939636,0.0139464001,1.21E-05,8.52E-06,,0.03438447,8.69E-06,3.51E-06,0.0027187684,0.00234684999,0.000254038,0.0001167545,1
-0.656987,606.247,600,607.291,0.99849,0.0549286,88620.4,5.19607,-0.20772,0.0826809,6.29507,0.112592,2.91002,-0.241134,0.0492667,-4.44E-16,9.71E-17,-0.105239409575234,1.38078485491178,1.01269,0.556197,0.0132587596983,0.0132358122,1.18E-05,,,0.03341654,9.18E-05,2.50E-05,0.0028782327,0.0023643215,0.0002908222,0.0002228554,1
,941.662,921.435,1008.23,0.999017,0.0443286,166953,5.23484,,,,,,,,,,-0.145270918803189,1.38204785343724,1.00735756758118,0.771522136638174,0.0119307373869,0.011906965,1.08E-05,0.000182916148536,,0.03436564,1.26E-05,4.42E-06,0.00247017638,0.00234932698,6.03E-05,6.31E-05,1
,874.058,972.203,1036.81,0.951686,0.307073,129682,5.27097,,,,,,,,,,-0.15832386044303,1.38338536182549,1.00509219520769,0.846215053750138,0.0838618444531,0.083820314,1.07E-05,1.18E-05,,0.0343729,1.27E-05,3.60E-06,0.00319272209,0.002577544,0.000158099668,0.0004510664,1
,909.806,997.176,1013.24,0.948044,0.318139,139501,5.23845,,,,,,,,,,-0.1593936339925,1.38217837444842,1.00515074994577,0.846497354927868,0.0894377546075,0.089394205,1.06E-05,5.60E-06,,0.03436821,1.03E-05,3.37E-06,0.003168287624,0.002589894,0.00013991381,0.0004395357,1
4.5243,826.78,619.8,652.636,0.946772,0.321904,146842,5.16082,1.26944,2.6478,0.464965,0.748834,19.0364,3.08001,4.45837,2.22E-15,-2.39E-15,0.282158319996973,1.37944647021259,0.978313,-1.46399,0.0915948942583,0.0915500809999999,1.04E-05,,,0.03307055,0.00082878516,2.08E-05,0.003104207647,0.002574961,0.00012997908,0.0004049614,0
3.50487,762.946,564.221,587.333,0.945001,0.327067,153592,5.25242,1.51399,2.39202,2.33942,0.716322,16.1213,2.95742,3.83545,1.78E-15,-2.55E-15,0.28743288730921,1.38268783973011,0.976195,-1.51599,0.0925140921392,0.092477488,1.01E-05,,,0.03323413,0.00098811465,3.02E-05,0.00294571121,0.002515545,0.00010782214,0.0003220718,0
3.48386,772.654,582.241,619.191,0.999783,0.0208554,116117,5.15945,0.673622,2.13813,3.4205,0.777222,17.8127,2.17624,3.64075,8.88E-16,-7.22E-16,0.297736342648818,1.37935165826646,0.973794,-1.54173,0.0110794009528,0.0122782762,9.87E-06,,,0.03395328,0.00102332938,2.57E-05,0.00260527186,0.00234187266,0.0001618637,9.96E-05,0
3.3827,846.548,452.89,700.151,0.995322,0.0966131,107116,5.3374,-2.97279,6.43271,6.06743,0.569945,19.8427,-1.46598,7.93952,1.78E-15,-1.72E-15,0.244296337138779,1.38559249235852,0.98719,-1.31348,0.0179379329687,0.118159606,6.89E-06,,,0.03424916,0.00066442043,5.87E-05,0.00271766958,0.0023817347,0.00019528241,0.00013545651,0
,997.007,977.279,1023.9,0.999426,0.0338772862549515,169143,5.33405,,,,,,,,,,-0.173461850097487,1.38550224810919,1.00214783128924,0.936807479960185,0.0113110347944,,5.68E-06,8.23E-06,,0.03431516,4.33E-06,3.66E-06,,0.00233526992,4.86E-05,,1
,717.125,983.176,1001.77,0.998636,0.0522124458726083,,9.28213,,,,,,,,,,-0.055083765896484,1.46347636280737,1.0042610500556,0.513993289792486,0.0834218904695,0.0115262699,,,,,,,,,,,1
3.38154,849.875,290.615,773.443,0.99971,0.024081443063073,125305,5.15282,-7.8871,9.06172,2.71074,0.165499,18.2155,-6.42755,10.5213,-4.44E-16,5.55E-17,0.170009511139787,1.37914651837758,1.00396,-0.888247,0.0269715437579,,,,,0.03330907,0.00048948546,0.0002574323,,0.002594904,0.0003826097,0.000544543,0
2.15547,711.435,298.594,605.629,0.999916,0.0129612092028463,124606,5.14343,-3.50891,5.65001,4.31021,0.318868,12.6926,-2.4869,6.67202,-2.00E-15,2.47E-15,0.208196030363398,1.37879212124172,0.996721,-1.08316,0.0267862237043,,,,,0.03322175,0.00084435264,0.0001891926,,0.00232049985,,,0
3.38505,772.397,569.499,603.947,0.99994,0.010954286832099,124538,5.1661,1.15288,2.48645,3.4468,0.699121,16.5425,2.6173,3.95087,2.66E-15,-2.66E-15,0.283853686607561,1.37961126539059,0.977799,-1.47381,0.0259577353349,,,,,0.03220077,0.0009646828,2.78E-05,,0.0023422047,,,0
3.73952,836.829,496.355,705.123,-0.999977,0.0067822909846151,120043,5.32781,-2.49561,5.77927,2.08572,0.39395,17.9667,-0.980954,7.29392,3.11E-15,-3.39E-15,0.213912097437301,1.38526604873127,0.994271,-1.1508,0.0258878679559,,,,,0.03273329,0.00059811766,4.27E-05,,0.00233519706,,,0
1.80319,622.365,526.165,627.506,0.99995,0.0099998749992182,129040,5.31418,-2.77095,1.08605,1.2639,0.218195,12.1562,-2.03033,1.82667,-6.66E-16,7.22E-16,0.167923843850592,1.38479630571362,1.00324,-0.903785,0.0249014197895,,,,,0.03299238,0.00091171875,3.48E-05,,0.00234261011,,,0
-0.456238,700.311,892.796,772.397,-0.999992,0.0039999919999939,128083,5.3107,1.54869,-5.06541,3.99528,0.177335,5.04327,1.50606,-5.10804,-1.11E-16,-6.94E-18,-0.155676475588339,1.3847542316831,1.00526,0.838153,0.02398922485,,,,,0.03013975,2.54E-05,7.78E-06,,,,,1
2.00189,709.239,415.405,629.242,-0.99988,0.015491468619857,125178,5.29193,-3.38663,3.98278,6.56955,0.516856,15.9822,-2.38584,4.98357,2.22E-16,-3.61E-16,0.254816821767248,1.3840622816195,0.98483,-1.35775,0.0227105467328,,,,,0.03398575,0.0010300071,7.25E-05,,0.002492041,,,0
1.91343,585.574,476.803,583.813,0.999918,0.012805985944083,131688,5.24353,-2.73833,1.00592,0.899494,0.362679,12.2829,-1.96154,1.78271,-2.22E-16,4.72E-16,0.232243741528789,1.38237610235499,0.990686,-1.22879,0.0219327663796,,,,,0.03198058,0.00138493464,4.61E-05,,0.0023503521,,,0
2.33745,769.479,676.295,664.471,0.999815,0.0192344944045843,131948,5.2511,1.82922,1.30622,2.61603,0.0687398,11.2206,2.84549,2.32248,-1.33E-15,1.17E-15,0.127413329355196,1.38261507556331,1.00972,-0.67925,0.0215742083819,0.086286631,,,,0.03320547,0.00046363962,1.71E-05,,0.002518208,,,0
3.53843,765.857,559.485,588.274,0.999966,0.0082461411581392,131140,5.27903,1.44741,2.53747,2.34012,0.728179,16.31,2.89567,3.98573,1.33E-15,-1.94E-15,0.288391709477867,1.38359861030151,0.975749,-1.52822,0.0213099121714,0.0134124637,,,,0.03355344,0.00098146026,3.09E-05,,0.002607721,,,0
4.82996,888.797,401.656,735.468,-0.999965,0.0083665270572689,136056,5.20027,-4.75959,7.76287,2.52474,0.811762,23.6559,-2.76787,9.7546,0,2.22E-16,0.278784380509597,1.38086900385112,0.978995,-1.45765,0.0203999955051,,,,,0.03435187,0.00069917402,9.11E-05,,0.00265565,,,0
2.02481,722.985,321.371,645.824,0.999577,0.0290830031289739,141110,5.27325,-4.74006,5.6125,5.90338,0.377215,15.1363,-3.74489,6.60767,-2.22E-15,2.80E-15,0.218878770500839,1.38344747878956,0.993527,-1.1658,0.0197346240293,,,,,0.03405335,0.00085658519,0.00016344899,,0.002497471,,,0
3.64247,763.66,561.322,598.115,0.998451,0.0556381218140947,145142,5.28525,0.999928,2.40726,1.8872,0.764696,17.0052,2.46955,3.87688,-1.78E-15,1.44E-15,0.295459941003797,1.38381725433699,0.973638,-1.5664,0.017389446868,0.0150328003,,,,0.03403079,0.00101696321,3.01E-05,,0.00234008496,,,0
3.24723,792.116,487.181,653.095,0.99948,0.0322448383466243,157529,5.32841,-1.43982,4.80147,3.03986,0.448824,16.2862,-0.0853762,6.15592,1.33E-15,-1.50E-15,0.228540298027796,1.38531163563985,0.990997,-1.22845,0.0162035448733,,,,,0.03416694,0.00071706232,4.40E-05,,0.002417087,,,0
,589.983,482.861,580.174,0.999399,0.0346646621071074,148612,5.13083,,,,,,,,,,0.199970355968685,1.37833806294521,0.998507914973435,-1.03852062396434,0.0157204495282,0.131985806,,,,,,,,,,,0
3.45464,767.844,567.576,584.323,0.99966,0.0260745929977827,159082,5.28615,1.79635,2.43276,2.89047,0.729153,16.1949,3.22935,3.86577,2.66E-15,-2.66E-15,0.287849630314734,1.38383245759682,0.975863,-1.52732,0.0154047854436,0.012607541,,,,0.03311677,0.00096857558,3.02E-05,,0.00234070383,,,0
2.41067,690.858,781.264,669.818,1,6.12E-17,169936,5.20794,1.92479,-3.41027,2.40587,0.36464,15.9174,2.96074,-2.37432,2.00E-15,-2.61E-15,0.221301114221442,1.38118817042041,0.993416,-1.16462,0.0141365858054,0.0135509116,,,,0.03415748,0.00097486804,1.30E-05,,0.002743454,,,0
,720.479,996.692,1010.92,0.998644,0.052059209214125,,9.75961,,,,,,,,,,-0.0500240238043601,1.46868955024334,1.00397814851763,0.490566421161734,0.0138173358809,0.0117842869,,,,,,,,,,,1
3.31796,788.214,729.932,603.912,0.999971,0.0076157178913015,170117,5.17211,5.32411,-0.221186,2.68955,0.440799,14.0253,6.7411,1.19581,2.66E-15,-2.50E-15,0.231653719306244,1.37981182089205,0.991312,-1.20947,0.0136253962149,0.042685026,,,,0.0336343,0.0007363084,1.81E-05,,0.002423405,,,0
2.47187,726.948,600,619.95,0.999868,0.0162475406138911,169157,5.19271,1.10652,1.90941,0.621785,0.101245,9.95366,2.11402,2.91691,8.88E-16,-6.11E-16,0.136166666633503,1.3806417039766,1.00893,-0.718196,0.0136129039216,0.09300867,,,,0.03100163,0.00055540181,2.42E-05,,0.00234272814,,,0
1.85682,698.335,451.436,659.367,0.999172,0.0406855553728851,150797,5.26278,-3.9995,3.6202,4.72314,0.272984,14.3707,-3.10697,4.51272,4.44E-16,-4.72E-16,0.19063957765298,1.3830929704507,0.999438,-1.01545,0.0134690099439,0.052046434,,,,0.03079533,0.00081436748,5.63E-05,,0.002421643,,,0
2.95844,807.04,875.137,702.984,0.99991,0.0134161059924282,178357,5.20323,5.7669,-3.19571,2.90761,0.186392,15.0683,7.04795,-1.91465,0,4.44E-16,0.170895092986256,1.3809687461178,1.00346,-0.901295,0.0133932928266,0.01796966,,,,0.03037048,0.00054049358,1.00E-05,,,,,0
-0.27366,502.257,600,642.992,0.999934,0.0114889357209456,165387,5.30851,-3.54631,-1.78339,2.56961,0.206342,6.41694,-3.56925,-1.80632,8.33E-17,-4.16E-17,-0.146090132981208,1.38462858182931,1.00674,0.786536,0.0132541990874,0.1023156,,,,0.03427826,9.18E-05,2.40E-05,,0.00232829877,,,1
,,,,0.998317,0.0579943,100455,8.57268,,,,,,,,,,,,,,0.013075798651,,,,,,,,0.013075798651,,,,1
3.96826,782.191,411.819,658.444,0.999804,0.0197980196989484,150619,5.20481,-3.70683,5.00096,1.92228,0.894263,20.4883,-2.08596,6.62183,4.44E-16,-6.11E-16,0.314234837696381,1.38102320442494,0.968419,-1.63855,0.0127629099,,,,,0.03424954,0.00106476968,7.55E-05,,0.002369376,,,0
3.38583,764.66,571.776,634.127,0.99912,0.0419431233934716,167160,5.24862,-0.206136,2.27434,3.13004,0.72544,18.1037,1.22003,3.7005,3.11E-15,-2.72E-15,0.288615219493906,1.38252859583261,0.975883,-1.52078,0.0126992061392,,,,,0.03112387,0.00100535303,2.69E-05,,0.002437145,,,0
2.90428,794.035,398.063,714.192,0.99923,0.0392352787679673,155315,5.145,-5.26757,6.33225,3.75176,0.281312,16.9397,-3.96307,7.63675,4.44E-16,-5.00E-16,0.19636482296444,1.37883726512193,0.999134,-1.02266,0.0126378037121,0.011620282,,,,0.03415123,0.00064647587,9.04E-05,,0.00266692,,,0
4.85924,888.91,418.282,727.472,0.998568,0.0534971903561296,162775,5.23998,-4.13003,7.55684,2.32513,0.816669,23.3853,-2.15066,9.53622,2.66E-15,-2.44E-15,0.278599366278082,1.38225814709399,0.978786,-1.46732,0.0124905551326,0.05132364,,,,0.03431389,0.00069288497,7.86E-05,,0.0023508111,,,0
3.0371,811.246,674.608,691.363,0.998903,0.0468273060403867,166515,5.22568,0.784969,1.54004,5.63722,0.490008,18.4214,2.18014,2.93521,8.88E-16,-1.17E-15,0.236836287238715,1.38173436808923,0.989721,-1.24844,0.012443956979,0.053429125,,,,0.03309573,0.00072373452,1.61E-05,,0.002398956,,,0
3.51972,851.223,577.966,733.557,0.999561,0.0296278125922237,165246,5.30035,-2.16812,4.56385,4.71413,0.463088,20.1798,-0.640925,6.09105,2.66E-15,-2.39E-15,0.226006397364921,1.384468795383,0.991735,-1.20964,0.0124169063619,,,,,0.03292011,0.00061533714,2.53E-05,,0.0023426921,,,0
1.43931,665.728,303.854,596.468,0.999401,0.0346069530441505,180789,5.22996,-4.05739,4.63369,6.72906,0.385522,13.1858,-3.25445,5.43663,1.55E-15,-2.50E-15,0.227593718968522,1.38197037119694,0.991842,-1.20205,0.0123705495388,,,,,0.03237134,0.00105009702,0.0001803008,,0.002531111,,,0
-0.19698,570.241,832.778,581.051,0.999573,0.0292201586409094,153059,5.2387,5.65965,-6.08142,2.18668,0.199385,1.54425,5.65412,-6.08696,1.39E-16,-6.25E-17,-0.155476837513883,1.38218189006636,1.00577,0.825926,0.0122524337371,0.05347918,,,,0.03384514,4.82E-05,1.78E-05,,0.00262906,,,1
-0.998923,447.728,600,604.409,0.998944,0.0459443670540786,160697,5.29006,-2.81365,-2.63845,6.4807,0.216368,6.62104,-2.98117,-2.80598,-4.44E-16,1.39E-16,-0.139407559237444,1.38397124704442,1.00784,0.748067,0.0121869315179,0.0124366129,,,,0.03263167,0.00014415957,2.58E-05,,0.00233356329,,,1
,685.324,993.931,1003.67,0.999745,0.0225817398576817,,9.54987,,,,,,,,,,-0.0817495815831506,1.46646308571037,1.00210961227825,0.784092319985321,0.011979961382,0.0110778698,,,,,,,,,,,1
3.48356,754.099,562.246,594.525,0.999055,0.0434638582617781,165185,5.23499,0.97898,2.21081,2.13989,0.730922,16.4741,2.41152,3.64335,-2.22E-15,2.16E-15,0.29257872964418,1.38207319761692,0.974812,-1.53739,0.0119234841371,0.0124913858,,,,0.03362893,0.00103924196,2.98E-05,,0.00238289,,,0
1.46965,575.754,758.878,581.325,0.999135,0.041584273169072,174455,5.20225,3.3243,-4.5259,0.452982,0.143538,9.0077,3.92233,-3.92787,6.66E-16,-6.66E-16,0.123291791736051,1.38091568187057,1.01057,-0.651575,0.0116386211126,0.0129266842,,,,0.03310542,0.00084266476,1.93E-05,,0.002410355,,,0
4.44395,836.948,622.393,643.214,0.999244,0.0388770943358678,169670,5.26852,1.96453,2.83386,1.48599,0.790063,19.2377,3.73929,4.60861,2.22E-15,-2.00E-15,0.283984627465291,1.38325683450921,0.977079,-1.50279,0.0115325280735,0.0129476408,,,,0.03336175,0.0007971715,2.16E-05,,0.0023390034,,,0
3.57151,756.501,593.513,612.969,0.999571,0.0292884953351999,164522,5.32549,0.982039,1.75644,1.40066,0.691998,16.9909,2.3971,3.1715,2.22E-15,-2.55E-15,0.283040111846248,1.38521328996876,0.976987,-1.51352,0.0112635397154,,,,,0.03430069,0.00099234104,2.61E-05,,0.0023479363,,,0
3.36022,774.761,581.313,589.396,-0.999926,0.0121652999963025,171146,5.1551,1.92997,2.24214,4.01059,0.748386,16.4012,3.40653,3.71869,-4.00E-15,4.16E-15,0.29212673676749,1.37930204406618,0.975464,-1.51314,0.0112059478384,,,,,0.03317168,0.00098407546,2.74E-05,,0.0023509473,,,0
4.17635,791.001,227.149,630.079,0.999522,0.0309155545963509,171674,5.18257,-4.43714,6.95768,1.98654,1.02574,20.2707,-2.72737,8.66744,4.44E-16,-9.44E-16,0.332560324702104,1.38019123098003,0.962644,-1.72319,0.0111898625477,,,,,0.03304231,0.00109711101,0.0003963161,,0.002655653,,,0
-1.04647,457.008,600,615.543,0.999552,0.0299299063814106,174794,5.1796,-3.12787,-2.50459,6.85199,0.202294,7.02565,-3.2994,-2.67611,-6.66E-16,5.55E-17,-0.130635428807375,1.38013522248196,1.00978,0.687342,0.0111771018693,0.0119595252,,,,0.03401819,0.00016152607,2.43E-05,,0.0023401587,,,1
0.519223,945.325,931.553,1002.03,0.999671,0.025649400753235,161329,5.23417,-4.09749,0.397917,0.695868,0.0331337,6.99097,-3.86738,0.628019,1.67E-16,-1.18E-16,-0.144410522731229,1.38204257255319,1.00749,0.766964,0.0111482991949,0.011906965,,,,0.03186753,1.26E-05,4.27E-06,,,,,1
-0.468473,735.558,897.467,763.073,0.999759,0.0219531756017232,170178,5.2002,2.99606,-4.36619,3.82136,0.185819,2.71577,2.94359,-4.41865,-1.67E-16,-9.02E-17,-0.166231556605804,1.38081552788552,1.00428,0.876251,0.0109971788966,0.010944736,,,,0.03402032,1.77E-05,7.76E-06,,,,,1
0.508705,642.869,600,680.11,0.999756,0.022089374459229,170962,5.25404,-2.55426,0.828833,0.420665,0.0832646,4.71107,-2.34117,1.04192,3.89E-16,-4.44E-16,-0.10057820449699,1.38277172931767,1.0128,0.537167,0.0109714099939,0.033318157,,,,0.03395496,8.65E-05,2.25E-05,,0.002420704,,,1
3.74681,861.906,409.228,772.246,0.999692,0.0248174361286565,170688,5.21313,-6.26271,7.88656,2.06076,0.239374,19.1912,-4.70367,9.4456,-2.22E-15,2.33E-15,0.184985353266063,1.38132093259633,1.00085,-0.976581,0.0109561589321,,,,,0.03395944,0.00050420168,9.02E-05,,0.00239745,,,0
-0.987935,538.723,600,636.493,0.999829,0.0184924514059134,165072,5.16537,-2.65772,-1.1691,6.99795,0.170803,5.66616,-2.7989,-1.31028,-2.22E-16,-2.78E-17,-0.127904721997198,1.37957226029819,1.01024,0.671172,0.0109022274946,0.0108337251,,,,0.03311144,0.00010058499,2.32E-05,,0.0023456948,,,1
3.30616,775.182,208.199,649.457,0.999917,0.0128838313789071,182144,5.16905,-5.2034,7.28155,3.54658,0.63009,17.8137,-3.76518,8.71978,-1.78E-15,1.55E-15,0.270559127518729,1.37970149468116,0.981488,-1.40717,0.0108371325947,,,,,0.03394301,0.00092153697,0.0004939352,,0.002673514,0.0001726079,0.002054126,0
0.318282,652.418,761.747,666.564,0.999974,0.0072110556786049,182123,5.26,1.92107,-2.56395,0.0731867,0.151842,2.33276,2.04376,-2.44126,1.67E-16,-1.60E-16,-0.142848664093083,1.38295498025799,1.00754,0.762387,,,,,,0.03377861,3.94E-05,1.39E-05,,0.002675254,,,1
4.09945,898.624,709.946,733.627,0.999579,0.0290141820322408,169734,5.30522,2.42352,3.55132,0.162426,0.107116,15.1651,4.02758,5.15538,2.66E-15,-2.44E-15,0.153996636680834,1.38451820038851,1.00556,-0.828228,,0.081223339,,,,0.03161101,0.000371418776,1.35E-05,,0.002456263,,,0
4.48254,912.157,765.026,814.191,0.99993,0.0118319525015961,179761,5.33492,-0.2786,2.28279,0.749518,0.27108,21.8036,1.47981,4.04121,-3.11E-15,2.61E-15,0.187641175247726,1.38550801819927,0.999556,-1.01254,,0.072995461,,,,0.03256777,0.00043720561,9.86E-06,,,,,0
1.21048,676.771,805.947,700.128,0.999993,0.0037416508388623,110315,7.04156,1.72906,-3.52862,64072.1,2.95998,0.164952,13.0571,2.13628,-6.66E-16,6.38E-16,0.0858562199253914,1.42974167502515,1.00631102136885,-0.609946543091557,,,,,,,,,,,,,0
,769.482,985.882,1000.46,0.998181,0.0602884005344315,,9.00009,,,,,,,,,,-0.0503311416044003,1.46014020317114,1.00487964418405,0.455579969234068,,0.0129476408,,,,,,,,,,,1
,801.722,985.504,812.495,0.998791,0.049158298577148,,9.00056000000001,,,,,,,,,,-0.0614722733683859,1.46014593446957,1.00425269333654,0.556338784158465,,0.013847352,,,,,,,,,,,1
,635.51,994.302,1008.63,0.999635,0.0270160466204791,,9.00486,,,,,,,,,,-0.0835786504262139,1.46019834231589,1.00263516286988,0.756359282429112,,0.0116230928,,,,,,,,,,,1
,729.836,989.768,1002.62,0.998614,0.0526315400116698,,9.00792,,,,,,,,,,-0.0579048504221871,1.46023560710088,1.00445680721983,0.524513298098079,,0.037026628,,,,,,,,,,,1
,589.386,998.723,1003.72,0.999534,0.0305251182471081,,9.00914,,,,,,,,,,-0.0800160087650172,1.4602504573304,1.00292223886044,0.724528936195249,,0.0126753361,,,,,,,,,,,1
,937.037,979.535,1035.86,0.999615,0.0277462028933678,,9.01533,,,,,,,,,,-0.0827208197804843,1.46032574280989,1.00269266913617,0.749473824669334,,0.0109171829,,,,,,,,,,,1
,771.079,994.824,1006.89,0.999637,0.0269419418565182,,9.02278,,,,,,,,,,-0.0834349068456994,1.46041621764429,1.00262299121962,0.756545785855844,,0.131458905,,,,,,,,,,,1
,793.222,976.727,1003.37,0.999316,0.036980158788194,,9.02733,,,,,,,,,,-0.0733363326974521,1.46047140152552,1.00341246692745,0.665483903166573,,0.0126715425,,,,,,,,,,,1
,730.275,990.85,1004.52,0.998081,0.0619218655968957,,9.02821,,,,,,,,,,-0.0483527533048704,1.4604820681106,1.00493970904608,0.439037393799451,,0.0111801033,,,,,,,,,,,1
,751.783,988.165,1002.34,0.998433,0.0559602047083459,,9.03019,,,,,,,,,,-0.0543008134546521,1.46050606041804,1.00463001298736,0.493101719044742,,0.0127458723,,,,,,,,,,,1
,973.472,937.1,1021.82,0.987898,0.155104937368221,,9.03047,,,,,,,,,,0.0454468009719937,1.46050945243077,1.0050737325331,-0.412772483755602,,0.0126724523,,,,,,,,,,,0
,771.291,994.142,1005.19,0.997816,0.0660547511084549,,9.03063,,,,,,,,,,-0.0441820551482532,1.46051139063047,1.00513052302978,0.401299982997454,,0.126214886,,,,,,,,,,,1
,718.173,995.411,1003.23,0.998932,0.0462045384783781,,9.03105,,,,,,,,,,-0.064058854388791,1.46051647808188,1.00404818676437,0.581656502774844,,0.12728678,,,,,,,,,,,1
,793.445,986.771,1004.62,0.998079,0.0619540939648051,,9.0333,,,,,,,,,,-0.0482588067222809,1.46054372432779,1.00493741209357,0.438429082987726,,0.046250212,,,,,,,,,,,1
,696.214,993.256,1005.65,0.998892,0.0470613677659287,,9.05107,,,,,,,,,,-0.0629591310847697,1.4607584389053,1.00409153638254,0.572936266054835,,0.0113658589,,,,,,,,,,,1
,666.966,998.344,1002.09,0.997771,0.0667310389474049,,9.05711,,,,,,,,,,-0.0431844318696233,1.46083123056709,1.00513880705406,0.39338063983907,,0.013915573,,,,,,,,,,,1
,796.904,997.905,1018.98,0.999699,0.0245338419127538,,9.05811,,,,,,,,,,-0.0854167501106013,1.46084327291299,1.00240749458803,0.777468761231666,,0.01347811,,,,,,,,,,,1
,942.656,979.898,1009.22,0.998564,0.0535718013884169,,9.06377,,,,,,,,,,-0.05628748452239,1.46091138311006,1.00447454289643,0.513001513729708,,0.12281566,,,,,,,,,,,1
,932.227,975.823,1011.82,0.999626,0.0273470313562545,,9.06587,,,,,,,,,,-0.0825092533578404,1.46093663230745,1.00264248174486,0.751701368838273,,0.0121361267,,,,,,,,,,,1
,714.313,991.869,1014.78,0.999616,0.0277101523633506,,9.07151,,,,,,,,,,-0.0820782397132926,1.46100438727386,1.00267063504569,0.748243075734341,,0.0121361267,,,,,,,,,,,1
,738.511,985.919,1003.4,0.99894,0.0460312545994555,,9.07719,,,,,,,,,,-0.0636762622218923,1.46107253869769,1.00401109078905,0.581105556062368,,0.0133391185,,,,,,,,,,,1
,575.241,998.21,1001.62,0.998602,0.0528587324479127,,9.08058,,,,,,,,,,-0.0567997749563849,1.46111317343871,1.00442307447409,0.518614051308133,,0.0134740267,,,,,,,,,,,1
,599.626,995.899,1002.84,0.99947,0.0325533270189094,,9.08191,,,,,,,,,,-0.0771081399726126,1.46112910749609,1.00305441418368,0.703823613813696,,0.04488565,,,,,,,,,,,1
,769.16,987.376,1000.28,0.998789,0.0491989174576019,,9.0847,,,,,,,,,,-0.0604150216513124,1.46116251809781,1.00420457976131,0.551831594572924,,0.118616872,,,,,,,,,,,1
,795.967,998.352,1005.33,0.999364,0.0356594377970256,,9.08573,,,,,,,,,,-0.0739544799194507,1.46117484735387,1.00328877410148,0.675371976224431,,0.011184819,,,,,,,,,,,1
,685.109,998.672,1004.73,0.999187,0.0403154936841893,,9.0879,,,,,,,,,,-0.0692690905119142,1.46120081354579,1.00362317267842,0.632803824947456,,0.063163735,,,,,,,,,,,1
,771.4,987.298,1017.45,0.999285,0.0378085807059725,,9.09464,,,,,,,,,,-0.0716973462362895,1.46128138622962,1.00344223774729,0.655429569568234,,0.0130762476,,,,,,,,,,,1
,953.882,973.852,1019.37,0.999535,0.0304923560093362,,9.09694,,,,,,,,,,-0.0789903892286654,1.46130885436244,1.00288693548702,0.722147866924429,,0.0116740411,,,,,,,,,,,1
,962.81,985.753,1011.11,0.999447,0.0332519802568215,,9.09758,,,,,,,,,,-0.0762217205051314,1.46131649522843,1.00310203576301,0.696934449455146,,0.0122857818,,,,,,,,,,,1
,961.738,953.469,1026.48,0.999703,0.0243703055171654,,9.10408,,,,,,,,,,-0.0850295706922197,1.4613940376386,1.00237985537882,0.777833788947285,,0.012205425,,,,,,,,,,,1
,750.602,991.032,1001.09,0.998833,0.0482973923830269,,9.10584,,,,,,,,,,-0.0610651230331227,1.46141501491863,1.00413700186946,0.559044672542938,,0.0114370234,,,,,,,,,,,1
,964.842,935.442,1016.98,0.998643,0.0520783885215364,,9.11062,,,,,,,,,,-0.0572224217942754,1.46147194689394,1.00435922881006,0.52417659196792,,0.0126568574,,,,,,,,,,,1
,796.643,991.002,1007.54,0.99959,0.0286327068227934,,9.11078,,,,,,,,,,-0.0806858546478617,1.46147385154578,1.00273272837483,0.738723707333031,,0.0141281812,,,,,,,,,,,1
,748.67,988.482,1002.61,0.999091,0.0426283206213908,,9.12536,,,,,,,,,,-0.066507949169943,1.46164713592419,1.00376241248361,0.610092228134385,,0.0129812834,,,,,,,,,,,1
,716.598,995.896,1013.15,0.999578,0.0290486129789369,,9.12733,,,,,,,,,,-0.0800731193850976,1.46167050756943,1.00276059698936,0.73444172329896,,0.0115159452,,,,,,,,,,,1
,962.041,987.197,1020.34,0.999054,0.0434868380547495,,9.12741,,,,,,,,,,-0.065624314238361,1.46167145646114,1.00381842255303,0.602131799470699,,0.0136567101,,,,,,,,,,,1
,964.257,935.11,1032.69,0.999636,0.0269790197005017,,9.12852,,,,,,,,,,-0.0821294125257017,1.46168462063761,1.00259146481801,0.753357479083576,,0.0112572629,,,,,,,,,,,1
,790.516,987.401,1011.37,0.999639,0.0268676325529416,,9.13189,,,,,,,,,,-0.0822008925263731,1.46172456817687,1.00258117654318,0.754286734966118,,0.0131905613,,,,,,,,,,,1
,776.557,970.509,1000.45,0.999677,0.0254144775866026,,9.13988,,,,,,,,,,-0.0835599482957596,1.46181916426687,1.00245761392344,0.767391724595762,,0.0131793317,,,,,,,,,,,1
,667.822,997.799,1004.65,0.998682,0.0513250706380428,,9.14282,,,,,,,,,,-0.0575947647279977,1.46185393072004,1.0042957024067,0.529426117669089,,0.0121629761,,,,,,,,,,,1
,977.854,886.211,1021.79,0.999482,0.0321827853984088,,9.14537,,,,,,,,,,-0.076723915941773,1.46188406740879,1.00300102497093,0.705158519900954,,0.0119988932,,,,,,,,,,,1
,791.106,984.749,1007.74,0.998321,0.057923923891601,,9.14718,,,,,,,,,,-0.0509345145532016,1.46190544847302,1.00465343512116,0.468480441857225,,0.0137448755,,,,,,,,,,,1
,724.07,997.76,1009.88,0.998771,0.0495629857756782,,9.15773,,,,,,,,,,-0.0591831200403867,1.4620299066888,1.00418314752735,0.544886558272499,,0.0124021784,,,,,,,,,,,1
,982.095,941.301,1018.58,0.999162,0.0409304013662218,,9.15778,,,,,,,,,,-0.0678239925059594,1.46203049586347,1.00363146764022,0.624330388976441,,0.0116102473,,,,,,,,,,,1
,740.241,996.835,1008.11,0.999621,0.0275291910342464,,9.15881,,,,,,,,,,-0.081221025931508,1.46204263144735,1.00262676068662,0.747486369863634,,0.0128719834,,,,,,,,,,,1
,962.655,986.243,1016.83,0.99863,0.0523270780762692,,9.16083,,,,,,,,,,-0.0563789160838928,1.46206642349969,1.00434204553258,0.51927053334657,,0.0116579264,,,,,,,,,,,1
,979.56,944.076,1036.1,0.99894,0.0460312545994555,,9.1613,,,,,,,,,,-0.0626768431322167,1.46207195778737,1.00396453304656,0.577233867238008,,0.0110311607,,,,,,,,,,,1
,982.489,944.551,1023.93,0.998579,0.0532914698521255,,9.16233,,,,,,,,,,-0.0553955160356303,1.46208408415773,1.0043953665631,0.510304967029775,,0.0125744433,,,,,,,,,,,1
,721.182,992.297,1006.32,0.998224,0.059572190021855,,9.16638,,,,,,,,,,-0.0490571055611031,1.46213173940287,1.00472298760709,0.45216266882747,,0.0134932469,,,,,,,,,,,1
,796.907,992.217,1006.94,0.998897,0.0469551210306174,,9.16673,,,,,,,,,,-0.0616880785071958,1.46213585580385,1.00401934144898,0.568472083395009,,0.0124257407,,,,,,,,,,,1
,769.315,979.534,1000.18,0.999651,0.0264173844087579,,9.18291,,,,,,,,,,-0.0820500561224633,1.4623258126122,1.00252779879349,0.757062536538973,,0.034117484,,,,,,,,,,,1
,738.356,994.098,1004.12,0.999663,0.0259593226221344,,9.18418,,,,,,,,,,-0.0824933929840512,1.46234069469832,1.00248952589803,0.761247908360245,,0.0118806033,,,,,,,,,,,1
,676.788,997.694,1017.04,0.998424,0.0561205508169693,,9.1852,,,,,,,,,,-0.052293631088981,1.4623526442949,1.00453388882299,0.482945516635974,,0.0124237096,,,,,,,,,,,1
,565.501,997.649,1001.43,0.999557,0.0297624553926578,,9.18628,,,,,,,,,,-0.078664181750308,1.46236529395042,1.00279688114804,0.726150751275535,,0.0129193717,,,,,,,,,,,1
,982.061,940.377,1017.56,0.998619,0.0525365857189057,,9.1888,,,,,,,,,,-0.0558407449821048,1.46239479838492,1.00433645883237,0.51587082114612,,0.0124082602,,,,,,,,,,,1
,768.866,981.298,1001.87,0.998577,0.0533289327757447,,9.19532,,,,,,,,,,-0.0549710228362563,1.46247106108536,1.00437657334554,0.50820039786854,,0.0126111495,,,,,,,,,,,1
,773.685,992.475,1014.12,0.99931,0.0371419425986301,,9.19944,,,,,,,,,,-0.0711266426504293,1.46251919654057,1.00334741342936,0.657624927580458,,0.0111280582,,,,,,,,,,,1
,794.812,991.533,1009.82,0.998908,0.0467205258532047,,9.20151,,,,,,,,,,-0.0615154222160206,1.46254336502244,1.00398548465776,0.569008614156479,,0.0112918222,,,,,,,,,,,1
,784.042,986.465,1012.59,0.999048,0.0436244621284882,,9.20756,,,,,,,,,,-0.0645440750911985,1.46261394080547,1.00378589604721,0.597373147484218,,0.0125437795,,,,,,,,,,,1
,924.11,975.048,1007.37,0.99818,0.0603049550202973,,9.2078,,,,,,,,,,-0.0478380214981429,1.46261673861574,1.00472933371927,0.442904035164106,,0.014111691,,,,,,,,,,,1
,666.649,993.481,1005.01,0.999414,0.0342294698176871,,9.20858,,,,,,,,,,-0.0739343387495008,1.46262583050364,1.00313112791958,0.684209188826243,,0.055704235,,,,,,,,,,,1
,607.079,993.316,1004.04,0.999487,0.0320271264867764,,9.21116,,,,,,,,,,-0.076107829716225,1.46265589282921,1.00296399165868,0.704480013590065,,0.0135198822,,,,,,,,,,,1
,797.239,993.022,1012.58,0.999473,0.0324610885677007,,9.21171,,,,,,,,,,-0.0756672353813304,1.46266229931232,1.00299689388807,0.700450865830026,,0.0112905182,,,,,,,,,,,1
,980.855,945.459,1028.05,0.998261,0.0589489260207521,,9.21175,,,,,,,,,,-0.0491504410509409,1.46266276520887,1.0046603189156,0.455238230728337,,0.0136903845,,,,,,,,,,,1
,768.679,996.811,1003.32,0.999245,0.0388513831800092,,9.21647,,,,,,,,,,-0.0692174501239553,1.46271771293904,1.0034604298967,0.641172392462941,,0.0124557228,,,,,,,,,,,1
,663.503,996.9,1009.54,0.999851,0.0172620334549529,,9.2195,,,,,,,,,,-0.0907804786597675,1.46275295728141,1.00172333943868,0.840703682562062,,0.0122044967,,,,,,,,,,,1
,762.271,995.446,1012.72,0.999491,0.0319020519559473,,9.21953,,,,,,,,,,-0.076135554901039,1.46275330612083,1.00295126879417,0.705369074930585,,0.058243713,,,,,,,,,,,1
,573.646,994.499,1000.57,0.999698,0.024574555865774,,9.222,,,,,,,,,,-0.0834372772546905,1.46278201953693,1.00236277508846,0.773071445805832,,0.057243648,,,,,,,,,,,1
,723.114,980.474,1001.7,0.999305,0.0372762253319726,,9.22799,,,,,,,,,,-0.0706598740218987,1.46285158938073,1.00334447396258,0.65532036539881,,0.013235872,,,,,,,,,,,1
,689.831,991.147,1011.07,0.999345,0.0361879949016234,,9.23163,,,,,,,,,,-0.0717066068196071,1.46289382195746,1.00326500057429,0.665270820626326,,0.0122731473,,,,,,,,,,,1
,958.862,902.13,1002.28,0.998898,0.0469338427576529,,9.23213,,,,,,,,,,-0.0609456155048862,1.46289962056431,1.00398175020257,0.56559866226179,,0.0123383383,,,,,,,,,,,1
,770.064,994.014,1003.22,0.999377,0.0352932269847924,,9.23681,,,,,,,,,,-0.0725419033165839,1.46295386543979,1.00319793244148,0.6733801680546,,0.0146743452,,,,,,,,,,,1
,953.443,971.921,1033.76,0.999093,0.0425814202557874,,9.23714,,,,,,,,,,-0.0652443397355349,1.46295768834843,1.00370280566017,0.605762459698455,,0.011795565,,,,,,,,,,,1
,690.429,987.852,1008.84,0.998052,0.0623875411921315,,9.23844,,,,,,,,,,-0.0453954980354732,1.4629727456652,1.0048050385208,0.421688443948965,,0.057393052,,,,,,,,,,,1
,795.083,979.274,1004.84,0.999501,0.0315871967575481,,9.24769,,,,,,,,,,-0.0761241115320992,1.4630797634526,1.00291668508001,0.70739239641719,,0.0115640825,,,,,,,,,,,1
,960.314,900.504,1008.24,0.999193,0.0401665128060677,,9.24772,,,,,,,,,,-0.0675388955148455,1.46308011019305,1.00353639629726,0.627744336193072,,0.0114870871,,,,,,,,,,,1
,982.654,942.158,1014.19,0.999378,0.035264899205868,,9.24873,,,,,,,,,,-0.07243233168974,1.46309178249058,1.00319094504282,0.673222468767713,,0.060963482,,,,,,,,,,,1
,715.502,996.571,1017.04,0.998894,0.0470188979454017,,9.25438,,,,,,,,,,-0.0606030553083514,1.46315703156844,1.00397471831343,0.563763251232033,,0.0128220271,,,,,,,,,,,1
,673.81,997.735,1005.07,0.999167,0.0408081623085375,,9.25557,,,,,,,,,,-0.0668060653873819,1.46317076425572,1.00357603826653,0.62146419718197,,0.0111022593,,,,,,,,,,,1
,766.337,983.238,1001.62,0.999202,0.0399419978969498,,9.25571,,,,,,,,,,-0.0676713212974744,1.46317237963651,1.00351738994815,0.629510450645223,,0.011936785,,,,,,,,,,,1
,696.051,988.449,1005.23,0.999397,0.0347222751414713,,9.25611,,,,,,,,,,-0.0728900760482636,1.46317699474405,1.00314828160118,0.678003801840277,,0.0137710757,,,,,,,,,,,1
,715.739,998.617,1014.56,0.999297,0.0374900759001635,,9.25659,,,,,,,,,,-0.0701149308964761,1.46318253235267,1.00334709575882,0.652266738323306,,0.050405961,,,,,,,,,,,1
,746.971,994.204,1006.68,0.999669,0.0257272314678423,,9.26414,,,,,,,,,,-0.0817966966868073,1.46326955969316,1.00244607714562,0.761328325869503,,0.06073406,,,,,,,,,,,1
,730.767,990.799,1002.64,0.998808,0.0488116700800121,,9.26514,,,,,,,,,,-0.0586841769806163,1.46328107597866,1.00407631435683,0.546561043074877,,0.0119357815,,,,,,,,,,,1
,837.199,978.092,827.829,0.99852,0.0543857481331283,,9.26693000000001,,,,,,,,,,-0.0530820484708867,1.46330168399485,1.00438879885066,0.494531079052669,,0.0115892462,,,,,,,,,,,1
,742.628,988.312,1002.23,0.998867,0.0475890356174623,,9.26884,,,,,,,,,,-0.0598656453586639,1.46332366487709,1.0040013032804,0.55777184310744,,0.0111886507,,,,,,,,,,,1
,943.893,952.357,1005.13,0.988207,0.153123888244128,,9.27092,,,,,,,,,,0.0462799372939768,1.46334759198936,1.00472357961067,-0.431392318000249,,0.0122791091,,,,,,,,,,,0
,686.801,995.1,1010.17,0.998858,0.0477775662419084,,9.27546,,,,,,,,,,-0.0596007842463153,1.46339978066775,1.00400896461436,0.555699095425829,,0.0110486833,,,,,,,,,,,1
,741.086,996.703,1013.29,0.999634,0.0270530228255543,,9.27569,,,,,,,,,,-0.0803375797737171,1.46340242324358,1.0025505509871,0.748698546707235,,0.012091,,,,,,,,,,,1
,986.502,958.595,1029.95,0.999508,0.0313649156861628,,9.27705,,,,,,,,,,-0.0760082199880447,1.46341804626199,1.0028889148044,0.708534108933683,,0.0120795782,,,,,,,,,,,1
,731.147,990.983,1007.98,0.999043,0.0437388174394322,,9.28102,,,,,,,,,,-0.0635799255287528,1.46346362580067,1.00375571664531,0.593102160568281,,0.056983195,,,,,,,,,,,1
,959.996,908.642,1003.99,0.999575,0.0291516616164502,,9.28147,,,,,,,,,,-0.0781717448425168,1.463468789815,1.00271584532046,0.729004727256766,,0.011758447,,,,,,,,,,,1
,767.979,995.203,1004.98,0.999334,0.0364904979960552,,9.2925,,,,,,,,,,-0.0707025147861489,1.46359521096344,1.00326087629767,0.660246047371657,,0.0113725833,,,,,,,,,,,1
,940.47,991.871,1015.18,0.998323,0.0578894435195233,,9.30214,,,,,,,,,,-0.0491690435354912,1.46370545781812,1.00454623933197,0.459827291859302,,0.056489073,,,,,,,,,,,1
,638.566,990.122,1007.32,0.999352,0.035994167527531,,9.30923,,,,,,,,,,-0.0710079847034559,1.46378639780795,1.00321850319388,0.664274015827683,,0.055163801,,,,,,,,,,,1
,747.195,988.121,1009.14,0.999138,0.0415121302272005,,9.31002,,,,,,,,,,-0.0654768556718339,1.46379540896288,1.00359686584854,0.612659237342159,,0.0115020934,,,,,,,,,,,1
,952.986,962.371,1015.34,0.999634,0.0270530228255543,,9.32062,,,,,,,,,,-0.0798238309579302,1.46391617205936,1.00253649176831,0.747483054391683,,0.0113279535,,,,,,,,,,,1
,720.655,985.004,1004.72,0.99959,0.0286327068227934,,9.3341,,,,,,,,,,-0.0780903516195126,1.46406935457412,1.00265753804039,0.732329451245365,,0.0134560731,,,,,,,,,,,1
,958.305,902.153,1000.57,0.999363,0.0356874520104755,,9.3369,,,,,,,,,,-0.0710001771662898,1.46410111805118,1.00318519494805,0.666152829323391,,0.060730619,,,,,,,,,,,1
,741.678,993.227,1014.26,0.998018,0.0629291003908372,,9.33722,,,,,,,,,,-0.0437208712926493,1.46410474696361,1.00475759705253,0.410435145248666,,0.047737843,,,,,,,,,,,1
,772.94,982.115,1000.26,0.999419,0.0340831694388904,,9.3376,,,,,,,,,,-0.0725974990700571,1.46410905597773,1.00306909953724,0.681163997047417,,0.011652449,,,,,,,,,,,1
,985.961,958.684,1027.25,0.999261,0.0384376622468132,,9.33957,,,,,,,,,,-0.0682178040138683,1.46413138925698,1.00337657087177,0.640269762809531,,0.058962497,,,,,,,,,,,1
,768.662,993.391,1015.07,0.999375,0.0353498143559477,,9.33999,,,,,,,,,,-0.0713029965904759,1.46413614946219,1.00315978074987,0.669208087413592,,0.012909795,,,,,,,,,,,1
,669.96,986.201,1001.94,0.998971,0.0453535131935763,,9.34245,,,,,,,,,,-0.0612632287739758,1.46416402216654,1.00382556311712,0.575258070664673,,0.0129741546,,,,,,,,,,,1
,748.886,986.18,1003.78,0.998906,0.0467632672511244,,9.34499,,,,,,,,,,-0.0598232129965708,1.46419278607652,1.00391010029878,0.561903735170916,,0.061101376,,,,,,,,,,,1
,740.345,990.661,1002.09,0.999124,0.0418477314080462,,9.34791,,,,,,,,,,-0.0647105374128718,1.46422583415307,1.00360069387147,0.607935173093411,,0.0118252528,,,,,,,,,,,1
,672.084,995.656,1011.11,0.998136,0.0610288907321767,,9.34951,,,,,,,,,,-0.0454855544507071,1.46424393403268,1.00466349617169,0.427545775810607,,0.0110501012,,,,,,,,,,,1
,691.215,990.022,1007.96,0.998102,0.0615824455181825,,9.35085,,,,,,,,,,-0.0449158025430654,1.46425908796972,1.00468775910406,0.422253789326302,,0.0112406844,,,,,,,,,,,1
,987.119,958.166,1012.13,0.999687,0.0250180341154139,,9.35386,,,,,,,,,,-0.081482570005462,1.46429311213229,1.00236162139859,0.765671811409195,,0.057822767,,,,,,,,,,,1
,796.146,997.333,1012.18,0.998157,0.06068445724401,,9.35388,,,,,,,,,,-0.0457812234270367,1.46429333813405,1.00464462409225,0.430521869074399,,0.0125571092,,,,,,,,,,,1
,799.745,979.138,1011.03,0.999271,0.0381768065584322,,9.36511,,,,,,,,,,-0.0681901531621227,1.46442008740434,1.00334749312805,0.641741007131561,,0.057182198,,,,,,,,,,,1
,748.097,401.811,728.242,0.976164,0.217034202613321,,9.367,,,,,,,,,,0.112420285524804,1.46444138966318,0.999334086752783,-1.05679537587897,,0.0135535661,,,,,,,,,,,0
,794.57,984.101,1005.18,0.998951,0.0457919163062644,,9.36904,,,,,,,,,,-0.0605240188188891,1.46446437304139,1.00383857826909,0.569924704449956,,0.0124218779,,,,,,,,,,,1
,721.904,983.921,1004.38,0.997927,0.0643560616492339,,9.37925,,,,,,,,,,-0.0418165041508956,1.46457925404882,1.00478853601293,0.394315408776423,,0.0112118779,,,,,,,,,,,1
,736.49,997.17,1014.39,0.998335,0.0576821269978842,,9.38494,,,,,,,,,,-0.0484389952663864,1.46464316961387,1.00448124355594,0.456991699052476,,0.01285265,,,,,,,,,,,1
,559.392,987.328,1002.22,0.999936,0.0113135274781964,,9.3853,,,,,,,,,,-0.0948353470518728,1.4646472109034,1.00114145187455,0.893755150558883,,0.0119581678,,,,,,,,,,,1
,761.767,989.522,1008.12,0.999477,0.0323376942746403,,9.39204,,,,,,,,,,-0.0737301775345336,1.46472281626805,1.00292009588488,0.695760081864807,,0.0127623932,,,,,,,,,,,1
,966.967,977.083,1022.83,0.999642,0.0267557813565581,,9.39245,,,,,,,,,,-0.0793099401788744,1.4647274119456,1.00249064772839,0.748339661397596,,0.012328151,,,,,,,,,,,1
,747.812,994.354,1001.63,0.998601,0.0528776209657742,,9.39393,,,,,,,,,,-0.0531500355042382,1.46474399792041,1.00422991366721,0.501872330080985,,0.0111313501,,,,,,,,,,,1
,977.688,977.903,1035.6,0.999227,0.0393116073316782,,9.40267,,,,,,,,,,-0.0666327474831547,1.46484183955623,1.00340789833331,0.62959292909065,,0.0135606567,,,,,,,,,,,1
,939.706,991.922,1018.04,0.998727,0.0504418424623838,,9.40424,,,,,,,,,,-0.0554736730976968,1.46485939617472,1.00409073406701,0.524359807441552,,0.0123442194,,,,,,,,,,,1
,784.474,991.165,1011.36,0.999499,0.0316504186228232,,9.41151,,,,,,,,,,-0.0742000036175818,1.46494061787512,1.00286194798845,0.701620768627113,,0.037610303,,,,,,,,,,,1
,760.023,992.047,1003.15,0.998599,0.052915377717635,,9.41512,,,,,,,,,,-0.0528753204047356,1.4649809033345,1.0042192552615,0.500394368943141,,0.0131390822,,,,,,,,,,,1
,940.857,989.786,1014.91,0.998952,0.0457700960890417,,9.41633,,,,,,,,,,-0.0600158355977187,1.46499439938229,1.00381271495891,0.567965671093874,,0.0135298662,,,,,,,,,,,1
,714.76,990.329,1002.87,0.998295,0.0583703090192258,,9.41902,,,,,,,,,,-0.0473684306342936,1.46502439070801,1.00449206816837,0.448503891941731,,0.0116535745,,,,,,,,,,,1
,791.653,991.087,1005.24,0.998606,0.0527831105942044,,9.41922,,,,,,,,,,-0.0529620560946298,1.46502661986983,1.004209766617,0.501430269028858,,0.0129915342,,,,,,,,,,,1
,740.153,998.761,1004.49,0.998855,0.047840244303305,,9.42201,,,,,,,,,,-0.0578801081795535,1.46505770691872,1.00393249878246,0.548103739771817,,0.0111369853,,,,,,,,,,,1
,783.346,992.905,1004.48,0.998442,0.0557993963766625,,9.42518,,,,,,,,,,-0.0498749279008526,1.4650930059594,1.00436224729254,0.472522645258609,,0.0124849525,,,,,,,,,,,1
,761.126,989.163,1010.54,0.998879,0.0473364907761453,,9.42622,,,,,,,,,,-0.0583375584123591,1.46510458160253,1.00390078930432,0.552674823916084,,0.0113772989,,,,,,,,,,,1
,668.807,984.408,1001.22,0.998295,0.0583703090192258,,9.4273,,,,,,,,,,-0.0472762215527631,1.46511659978954,1.00448662528181,0.448020585783052,,0.05413507,,,,,,,,,,,1
,674.383,998.53,1001.02,0.999554,0.029863038760312,,9.42757,,,,,,,,,,-0.0758092436931301,1.46511960391084,1.00272162843027,0.718018111674446,,0.0115184207,,,,,,,,,,,1
,738.681,991.955,1012.97,0.999119,0.0419669374508082,,9.4283,,,,,,,,,,-0.0636893353959047,1.46512772531283,1.0035701669602,0.603442123632545,,0.048544085,,,,,,,,,,,1
,832.783,960.811,818.853,0.998247,0.0591855302502226,,9.42998,,,,,,,,,,-0.0464297772588207,1.46514641093909,1.00452331556485,0.440128633451006,,0.0119156378,,,,,,,,,,,1
,977.105,977.305,1036.64,0.99964,0.0268304006679001,,9.43022,,,,,,,,,,-0.0788136262383905,1.46514907977683,1.00248515108533,0.746623419013555,,0.0139113036,,,,,,,,,,,1
,784.144,998.121,1004.96,0.998924,0.0463771735231885,,9.43714,,,,,,,,,,-0.0591765386328607,1.46522597353006,1.00383832505221,0.561256120657377,,0.0118763402,,,,,,,,,,,1
,740.377,988.95,1000.07,0.999027,0.0441027580883555,,9.44017,,,,,,,,,,-0.0614196519090924,1.46525960723347,1.00369881820755,0.582689466177049,,0.05018669,,,,,,,,,,,1
,701.406,996.133,1011.64,0.998656,0.0518285024286832,,9.44181,5.9452,-4.64257,,,,,,,,-0.0536667899972476,1.46527780271006,1.0041452549658,0.509301127483835,,0.0108821127,,,,,,,,,,,1
,585.578,996.592,1008.1,0.998941,0.0460095481286229,,9.44773,,,,,,,,,,-0.0594270984452445,1.46534343196757,1.00381090505959,0.564255211858766,,0.0111606128,,,,,,,,,,,1
,914.331,973.384,1008.57,0.99911,0.0421806578896049,,9.44937,,,,,,,,,,-0.063241552192592,1.46536159866099,1.00357385927206,0.600529356757703,,0.0125858196,,,,,,,,,,,1
,764.753,969.69,1000.46,0.999134,0.0416082929714747,,9.44938,,,,,,,,,,-0.0638143093196757,1.46536170941438,1.00353728285787,0.605961428561206,,0.0111791354,,,,,,,,,,,1
,781.996,981.462,1000.05,0.99925,0.0387225709373753,,9.44973,,,,,,,,,,-0.0666984866725824,1.46536558563708,1.00334774363261,0.633332159735956,,0.012148265,,,,,,,,,,,1
,765.802,979.013,1002.27,0.998334,0.057699431920946,,9.44975,,,,,,,,,,-0.0476990239608246,1.46536580712694,1.00443992152395,0.453088793205041,,0.0129862462,,,,,,,,,,,1
,958.566,990.407,1030.74,0.998149,0.0608159008730454,,9.4543,,,,,,,,,,-0.0445267027231002,1.46541617198352,1.00458161805454,0.423177228375967,,0.062943008,,,,,,,,,,,1
,915.674,971.477,1007.35,0.998878,0.0473575877341733,,9.45831,,,,,,,,,,-0.057960499625026,1.46546051974503,1.00388498198031,0.550955254357992,,0.0117774554,,,,,,,,,,,1
,976.951,974.721,1044.37,0.998644,0.052059209214125,,9.46372,,,,,,,,,,-0.0531932824285679,1.46552029161913,1.00414492450053,0.505970220576101,,0.058217411,,,,,,,,,,,1
,974.105,976.054,1032.58,0.999276,0.0380457070377183,,9.46442,,,,,,,,,,-0.0672134148346804,1.46552802056535,1.00329586672588,0.639195449398078,,0.0116361006,,,,,,,,,,,1
,738.24,984.791,1005.08,0.999493,0.0318393302536355,,9.46516,,,,,,,,,,-0.0734154246666547,1.46553618993632,1.00285684490633,0.6981286448565,,0.0120391357,,,,,,,,,,,1
,741.501,998.464,1003.34,0.99946,0.032858916598086,,9.46743,,,,,,,,,,-0.0723702521597132,1.46556124215426,1.00293073245834,0.688370507231783,,0.063010323,,,,,,,,,,,1
,734.465,991.079,1008.56,0.998718,0.0506197241794145,,9.47181,,,,,,,,,,-0.0545454127897447,1.46560954723154,1.00406225037869,0.51925759032018,,0.0138859249,,,,,,,,,,,1
,572.582,990.771,1005.02,0.99967,0.0256883456065216,,9.47439,,,,,,,,,,-0.0794671748621478,1.46563798023516,1.00238134559655,0.756288595269028,,0.0127423816,,,,,,,,,,,1
,636.487,993.768,1009.31,0.999736,0.0229767339715653,,9.47474,,,,,,,,,,-0.0821757344112908,1.46564183624591,1.00216105166069,0.782037419570252,,0.013841695,,,,,,,,,,,1
,747.873,988.039,1005.87,0.998506,0.0546421811790122,,9.47875,,,,,,,,,,-0.0504409225230595,1.4656859950144,1.00427070327617,0.480566425149438,,0.0130636767,,,,,,,,,,,1
,795.217,998.68,1022.87,0.99906,0.0433487762226352,,9.48041,,,,,,,,,,-0.0617296984563294,1.46570426439026,1.0036324579657,0.588095828411167,,0.0135090874,,,,,,,,,,,1
,667.139,997.62,1013.46,0.998482,0.0550789948710037,,9.48555,,,,,,,,,,-0.0499286517045534,1.46576079331427,1.00428862111011,0.476027440201351,,0.0116955255,,,,,,,,,,,1
,730.819,990.576,1009.19,0.99938,0.0352081751870202,,9.48692,,,,,,,,,,-0.0698050233100265,1.46577585013663,1.00309123348642,0.665362858654755,,0.0117874009,,,,,,,,,,,1
,796.748,997.322,1020.97,0.999457,0.0329500402275918,,9.48829,,,,,,,,,,-0.0720494186556555,1.4657909026587,1.00292970585402,0.686817462808943,,0.0127063711,,,,,,,,,,,1
,669.799,990.817,1004.21,0.999087,0.0427219666096976,,9.49501,,,,,,,,,,-0.0621966790073603,1.46586467470925,1.00358641249242,0.593441499821255,,0.012599068,,,,,,,,,,,1
,775.405,976.633,1001.65,0.998181,0.0602884005344315,,9.50415,,,,,,,,,,-0.0445064968999784,1.46596484787556,1.00452437637079,0.425190998060683,,0.0110853321,,,,,,,,,,,1
,785.649,994.078,1014.77,0.999109,0.0422043376799109,,9.50418,,,,,,,,,,-0.062614273599878,1.46596517635775,1.00354960799353,0.597991377909344,,0.0119508873,,,,,,,,,,,1
,983.288,972.581,1033.93,0.998656,0.0518285024286832,,9.5051,,,,,,,,,,-0.0529693438915055,1.4659752488158,1.00410870459319,0.506020901565123,,0.0120694266,,,,,,,,,,,1
,690.88,991.757,1000.1,0.999567,0.0294246921989004,,9.50733,,,,,,,,,,-0.0753677313187731,1.46599965557761,1.0026619480242,0.719816741116629,,0.0130006377,,,,,,,,,,,1
,792.983,990.963,1002.18,0.999282,0.0378877879533762,,9.50932,,,,,,,,,,-0.0668780423828406,1.46602142604302,1.00326627941781,0.6389949002592,,0.0110249129,,,,,,,,,,,1
,643.521,996.625,1005.07,0.999653,0.0263415943139357,,9.51095,,,,,,,,,,-0.078412433793724,1.46603925141986,1.0024226070649,0.749119413559873,,0.0110274849,,,,,,,,,,,1
,694.303,987.432,1006.46,0.999554,0.029863038760312,,9.51127,,,,,,,,,,-0.0748860974332393,1.46604275017073,1.00269375302565,0.715518575330207,,0.0118087397,,,,,,,,,,,1
,790.762,985.031,1008.4,0.999298,0.0374634114303539,,9.51204,,,,,,,,,,-0.0672729783780817,1.46605116808583,1.00323652542991,0.642944531938017,,0.0119422782,,,,,,,,,,,1
,689.363,985.271,1003.35,0.999406,0.0344622570938116,,9.51358,,,,,,,,,,-0.0702592446797181,1.46606799987278,1.0030284278446,0.671546560157456,,0.013119726,,,,,,,,,,,1
,731.271,987.549,1001.48,0.999729,0.0232793161196812,,9.52233,,,,,,,,,,-0.0813513747401191,1.46616353280889,1.00217370797795,0.778055669734077,,0.0110309492,,,,,,,,,,,1
,772.744,995.857,1008.15,0.999305,0.0372762253319726,,9.52298,,,,,,,,,,-0.0673408407899934,1.46617062261263,1.00321934459927,0.644324251688132,,0.0130653928,,,,,,,,,,,1
,977.347,932.221,1024.58,0.999496,0.0317450151047358,,9.52893,,,,,,,,,,-0.072810500327839,1.46623547712439,1.00282743543973,0.69699997321803,,0.0125550792,,,,,,,,,,,1
,761.58,983.206,1000.8,0.998363,0.0571954563842268,,9.5293,,,,,,,,,,-0.0473301328577778,1.46623950744843,1.00436506273118,0.453330337477787,,0.0119621703,,,,,,,,,,,1
,944.35,991.074,1009.19,0.999327,0.0366816994017461,,9.53558,,,,,,,,,,-0.0677985294066579,1.46630786684273,1.00317382414722,0.649545720818698,,0.0115268312,,,,,,,,,,,1
,782.514,993.273,1003.7,0.998251,0.0591180260073018,,9.53641,,,,,,,,,,-0.045326915907332,1.46631689494073,1.00445019089126,0.434477265603707,,0.011203772,,,,,,,,,,,1
,977.852,931.493,1020.74,0.999692,0.0248174361286565,,9.53846,,,,,,,,,,-0.0796371558332143,1.46633918659564,1.00229382840088,0.762971878184255,,0.0113880124,,,,,,,,,,,1
,797.566,983.434,1022.07,0.999045,0.0436931112991519,,9.53868,,,,,,,,,,-0.0607477228988997,1.46634157830768,1.00362562449932,0.582270393113006,,0.0125771286,,,,,,,,,,,1
,791.555,982.455,1004.55,0.999548,0.0300631950397827,,9.53896,,,,,,,,,,-0.0743839792676333,1.466344622147,1.00269962187909,0.712776385043314,,0.0117457236,,,,,,,,,,,1
,633.699,997.871,1005.66,0.999749,0.0224039505221736,,9.54104,,,,,,,,,,-0.082023273628036,1.46636722799261,1.00209716650199,0.785992011909921,,0.0110334445,,,,,,,,,,,1
,957.2,902.683,1001.56,0.999606,0.0280685725322825,,9.54264,,,,,,,,,,-0.0763394568707765,1.46638461047158,1.00254738441063,0.731757717010539,,0.0112379871,,,,,,,,,,,1
,785.628,996.398,1006.61,0.99942,0.0340538338517127,,9.54459,,,,,,,,,,-0.070330120100248,1.46640578757392,1.00298786764562,0.674390117957282,,0.060713601,,,,,,,,,,,1
,793.251,995.348,1010.16,0.999517,0.0310767873339574,,9.55646,,,,,,,,,,-0.0731800231340065,1.46653451199732,1.00276891413284,0.70253292491453,,0.0115233701,,,,,,,,,,,1
,686.73,993.074,1001.65,0.99936,0.0357713628479534,,9.55792,,,,,,,,,,-0.0684670076181291,1.46655032315061,1.00310258864355,0.657460175608288,,0.0127234394,,,,,,,,,,,1
,985.209,958.57,1025.24,0.999852,0.0172040139502406,,9.56433,,,,,,,,,,-0.0869717799538892,1.46661968410916,1.00165076833508,0.835307133255295,,0.011447711,,,,,,,,,,,1
,982.617,902.095,1029.95,0.999363,0.0356874520104755,,9.56792,,,,,,,,,,-0.0684428048050414,1.46665849041243,1.00309290702373,0.657908314159931,,0.0111239848,,,,,,,,,,,1
,796.582,990.255,1010.04,0.998347,0.0574740601576053,,9.56959,,,,,,,,,,-0.0466140449218195,1.46667653255446,1.00435290622562,0.448343808656383,,0.0113197517,,,,,,,,,,,1
,772.313,994.371,1000.57,0.998196,0.0600395335091809,,9.57354,,,,,,,,,,-0.044001481139188,1.46671918230107,1.00446740363013,0.423405124368516,,0.0137921108,,,,,,,,,,,1
,683.948,993.081,1005.54,0.999499,0.0316504186228232,,9.57378,,,,,,,,,,-0.0724188489365025,1.4667217725562,1.00280494797696,0.696484855197188,,0.0110912101,,,,,,,,,,,1
,765.492,986.472,1002.2,0.998776,0.0494621251464189,,9.57751,,,,,,,,,,-0.0545519982848901,1.46676201293095,1.00394040339362,0.525052001788921,,0.0124531026,,,,,,,,,,,1
,762.743,976.389,1012.66,0.998716,0.0506591684100706,,9.58188,,,,,,,,,,-0.0533063467224155,1.46680911839626,1.00400297587635,0.513305927394913,,0.0110273224,,,,,,,,,,,1
,917.477,975.083,1006.04,0.998549,0.0538506694387354,,9.58806,,,,,,,,,,-0.050043934602908,1.46687566185309,1.00416543016822,0.482225550381239,,0.0128005116,,,,,,,,,,,1
,747.728,989.954,1005.75,0.999698,0.024574555865774,,9.58852,,,,,,,,,,-0.0793386852587501,1.46688061153287,1.00226091438781,0.764064379589909,,0.0111573356,,,,,,,,,,,1
,792.787,997.995,1008.68,0.999657,0.0261893556812679,,9.58869,,,,,,,,,,-0.0777215357429542,1.46688244064346,1.00238827566761,0.748535387072583,,0.0133072038,,,,,,,,,,,1
,747.936,990.614,1012.08,0.998789,0.0491989174576019,,9.58999,,,,,,,,,,-0.0546811139103545,1.46689642583876,1.0039192365756,0.526971873570773,,0.011109291,,,,,,,,,,,1
,776.114,989.772,1008.2,0.9997,0.0244930602416263,,9.59091,,,,,,,,,,-0.079394496165649,1.46690632078764,1.0022537785509,0.764789263597984,,0.0118313168,,,,,,,,,,,1
,761.863,998.276,1015.99,0.999622,0.0274928557265334,,9.73279,,,,,,,,,,-0.0748898654373886,1.4684101410073,1.00244676614892,0.732039808713353,,0.0116281846,,,,,,,,,,,1
,977.376,977.367,1031.7,0.998622,0.0524795304475943,,9.73649,,,,,,,,,,-0.0498438994813666,1.46844877797343,1.00401198452703,0.487655576592303,,0.057913576,,,,,,,,,,,1
,763.729,998.134,1019.26,0.998994,0.0448440404513231,,9.73686,,,,,,,,,,-0.0574846025163507,1.46845264007188,1.00359959569012,0.56235385629113,,0.0120630165,,,,,,,,,,,1
,836.146,992.783,866.749,0.999081,0.0428620512691589,,9.73808,,,,,,,,,,-0.0594557681210657,1.46846537250112,1.00348248892484,0.581686915776829,,0.0129402686,,,,,,,,,,,1
,634.585,994.467,1008.59,0.998701,0.0509540243651087,,9.7494,,,,,,,,,,-0.05123686549325,1.46858336237362,1.00392737540414,0.501929834854809,,0.012711367,,,,,,,,,,,1
,766.295,989.988,1001.42,0.99932,0.0368719080059607,,9.75536,,,,,,,,,,-0.0652706835260026,1.46864537535651,1.00309965631263,0.639621263514971,,0.0116632106,,,,,,,,,,,1
,751.513,995.933,1009.75,0.999189,0.0402658947373581,,9.75744,,,,,,,,,,-0.0618525434876469,1.46866699982396,1.00331568637853,0.606296948053913,,0.0130573659,,,,,,,,,,,1
,765.368,989.586,1004.64,0.999248,0.0387741472633499,,9.75782,,,,,,,,,,-0.0633415077585704,1.4686709494622,1.00322164854684,0.620896850350739,,0.0134192644,,,,,,,,,,,1
,785.897,986.428,1002.87,0.998796,0.0490566038775612,,9.75789,,,,,,,,,,-0.0530483483863893,1.46867167699393,1.00382337824238,0.520107055589184,,0.045514759,,,,,,,,,,,1
,781.781,992.402,1007.68,0.999103,0.04234613785223,,9.75969,,,,,,,,,,-0.0597471414972195,1.46869038140554,1.00344188144523,0.585817821864969,,0.0132223013,,,,,,,,,,,1
,634.515,996.938,1001.67,0.999643,0.0267183934958691,,9.76308,,,,,,,,,,-0.0753491638405137,1.46872558951559,1.00237967669382,0.73878918682835,,0.0117045209,,,,,,,,,,,1
,769.729,994.039,1006.62,0.999631,0.02716364922097,,9.76348,,,,,,,,,,-0.0748995936828847,1.46872974226896,1.00241316877804,0.734419254104044,,0.012654955,,,,,,,,,,,1
,795.563,995.372,1018.9,0.999564,0.0295264272135995,,9.76356,,,,,,,,,,-0.0725350348794627,1.46873057277923,1.00258814562041,0.711280956314389,,0.054279188,,,,,,,,,,,1
,764.695,993.547,1014,0.999363,0.0356874520104755,,9.76696,,,,,,,,,,-0.0663354381977481,1.46876585701972,1.00301689558373,0.650805083711766,,0.0123916042,,,,,,,,,,,1
,980.248,972.538,1046.87,0.999686,0.0250579608907045,,9.76787,,,,,,,,,,-0.076960446222325,1.46877529661917,1.00225134545307,0.754923095554515,,0.0113794084,,,,,,,,,,,1
,790.941,981.655,1001.81,0.998345,0.0575087904150307,,9.76884,,,,,,,,,,-0.0444704329863903,1.46878535669345,1.0042319620564,0.436550827842031,,0.0111905347,,,,,,,,,,,1
,939.869,990.087,1007.9,0.998422,0.0561561209130398,,9.77043,,,,,,,,,,-0.0458088064627529,1.46880184264242,1.00416955879864,0.449752551547609,,0.063941667,,,,,,,,,,,1
,730.777,998.3,1015.57,0.999515,0.0311410464660376,,9.77685,,,,,,,,,,-0.0707818903045576,1.46886835457823,1.00270018198254,0.69505365985852,,0.0120113524,,,,,,,,,,,1
,956.042,962.234,1024.44,0.999625,0.02738356030541,,9.7772,,,,,,,,,,-0.0745373648973471,1.46887197813358,1.00242575689414,0.731890454181945,,0.012091674,,,,,,,,,,,1
,792.487,986.008,1008.68,0.999099,0.0424404076205694,,9.78544,,,,,,,,,,-0.0593859554429574,1.46895721286675,1.00343609752659,0.583800937653376,,0.0141816218,,,,,,,,,,,1
,698.249,519.309,701.307,0.989438,0.144956697520328,,9.78602,,,,,,,,,,0.0436360878940649,1.46896320704755,1.00425063041771,-0.429111141067882,,0.0112939138,,,,,,,,,,,0
,683.664,998.078,1004.51,0.999407,0.0344332448514501,,9.78605,,,,,,,,,,-0.0673927569515949,1.46896351707225,1.00292560503998,0.662441544221467,,0.0112408896,,,,,,,,,,,1
,955.382,959.389,1018.56,0.999329,0.0366271724133867,,9.7867,,,,,,,,,,-0.065190726092154,1.46897023381235,1.00307154574202,0.640869851741908,,0.0124147496,,,,,,,,,,,1
,965.288,950.158,1019.79,0.998347,0.0574740601576053,,9.79174,,,,,,,,,,-0.0442682930461604,1.46902228443012,1.00421664729023,0.43557594619237,,0.0118971422,,,,,,,,,,,1
,905.245,993.137,1020.38,0.999645,0.0266434602670147,,9.79177,,,,,,,,,,-0.0751271191741889,1.46902259409646,1.00236600552474,0.738758365061253,,0.012735816,,,,,,,,,,,1
,676.815,994.181,1000.08,0.998848,0.0479861740087714,,9.79311,,,,,,,,,,-0.0537552936554526,1.46903642394464,1.00374799336358,0.528914119452961,,0.0122577549,,,,,,,,,,,1
,980.737,972.505,1043.29,0.999379,0.0352365486249713,,9.79363,,,,,,,,,,-0.0665106926494032,1.46904178974265,1.00297690482436,0.654285280290022,,0.0131861768,,,,,,,,,,,1
,737.008,997.765,1013.47,0.999506,0.0314285851415553,,9.79564,,,,,,,,,,-0.0703000400760552,1.46906252531409,1.00271442590597,0.691642894243975,,0.0119996093,,,,,,,,,,,1
,672.477,993.552,1012.88,0.998141,0.0609470599701093,,9.79688,,,,,,,,,,-0.0407361586494139,1.46907531320805,1.00436206833707,0.401049967120036,,0.0113522765,,,,,,,,,,,1
,665.073,981.389,1001.07,0.998563,0.0535904378690831,,9.79955,,,,,,,,,,-0.0480773667838847,1.46910283755808,1.00403166313954,0.473400824580028,,0.059455695,,,,,,,,,,,1
,738.788,998.451,1012.02,0.999193,0.0401665128060677,,9.80119,,,,,,,,,,-0.0614992691652898,1.4691197365426,1.00329112612612,0.605513376350297,,0.0114155397,,,,,,,,,,,1
,714.737,994.703,1007,0.999486,0.0320583187955954,,9.80313,,,,,,,,,,-0.069592794631407,1.46913971957973,1.00275621255411,0.685214133265334,,0.058818971,,,,,,,,,,,1
,791.938,991.205,1008.4,0.99967,0.0256883456065216,,9.80399,,,,,,,,,,-0.075956579561721,1.46914857553559,1.00229019296292,0.747821716557118,,0.0133475713,,,,,,,,,,,1
,740.246,993.153,1000.53,0.998934,0.0461612786218061,,9.80476,,,,,,,,,,-0.0554621351340558,1.46915650340075,1.00364204778718,0.546333741820061,,0.0126059138,,,,,,,,,,,1
,739.688,990.334,1002.05,0.999592,0.0285627998627573,,9.8059,,,,,,,,,,-0.0730614032604129,1.46916823849688,1.00250481777937,0.719508040825788,,0.055086571,,,,,,,,,,,1
,732.125,998.74,1013.13,0.999253,0.038645077189729,,9.8061,,,,,,,,,,-0.0629713270975518,1.46917029700723,1.00319392220044,0.620295508569799,,0.0142166988,,,,,,,,,,,1
,742.093,997.542,1006.42,0.998677,0.0514222682405194,,9.80741,,,,,,,,,,-0.0501675911310007,1.46918377819549,1.00392020572307,0.494357732235247,,0.012753022,,,,,,,,,,,1
,794.005,996.959,1006.9,0.999698,0.024574555865774,,9.8076,,,,,,,,,,-0.0770335636052548,1.46918573318637,1.00220366457296,0.758680585890835,,0.013289697,,,,,,,,,,,1
,797.099,988.704,1012.12,0.998976,0.0452432472751465,,9.80954,,,,,,,,,,-0.0563319397807109,1.46920569038239,1.00358816808078,0.555160556124559,,0.050473583,,,,,,,,,,,1
,746.619,979.036,1002.6,0.999317,0.0369531258623676,,9.81843,,,,,,,,,,-0.0645377417588096,1.46929704387963,1.00308064916411,0.636495320439154,,0.0142838693,,,,,,,,,,,1
,916.603,973.597,1019.48,0.998973,0.0453094390938577,,9.81898,,,,,,,,,,-0.0561686801020824,1.46930269029294,1.00358747513834,0.554080523726192,,0.0130452257,,,,,,,,,,,1
,973.976,921.022,1022.17,0.999512,0.0312371870692623,,9.82082,,,,,,,,,,-0.0702324819222915,1.46932157556218,1.00269271068091,0.692737208486447,,0.0127290419,,,,,,,,,,,1
,716.644,984.954,1001.54,0.999148,0.041270741403565,,9.82219,,,,,,,,,,-0.060178228176303,1.46933563232853,1.00334978609898,0.593778936493318,,0.0132651016,,,,,,,,,,,1
,718.999,998.553,1011.33,0.998628,0.0523652328935916,,9.82776,,,,,,,,,,-0.0490143894968822,1.46939274288732,1.00395629789226,0.483995058777677,,0.0133348944,,,,,,,,,,,1
,696.34,994.508,1006.02,0.998891,0.0470825882784714,,9.82785,,,,,,,,,,-0.0543026607753814,1.46939366515311,1.0036817312666,0.536170384787426,,0.057414825,,,,,,,,,,,1
,673.676,993.113,1006.2,0.998182,0.0602718414850582,,9.83438,,,,,,,,,,-0.0410273979153211,1.46946053607708,1.00431068747039,0.405445807536173,,0.0141576784,,,,,,,,,,,1
,720.202,994.066,1004.78,0.999727,0.0233650480632918,,9.83581,,,,,,,,,,-0.077953983917368,1.46947516836265,1.00210250827672,0.769912826608594,,0.0123275821,,,,,,,,,,,1
,689.988,994.48,1005.34,0.998635,0.0522315687587488,,9.8598,,,,,,,,,,-0.048820963243714,1.46972001644516,1.00393242679961,0.483642178352489,,0.0112564458,,,,,,,,,,,1
,971.439,982.384,1017.93,0.998587,0.053141353304183,,9.86117,,,,,,,,,,-0.0478959663347403,1.46973396342328,1.003975950125,0.47455108103739,,0.037039229,,,,,,,,,,,1
,764.707,989.295,1009.37,0.999231,0.0392098028431671,50757.3,9.86151,,,,,,,,,,-0.0618390459565963,1.46973742412303,1.00320704452494,0.612563137164079,,0.0131721364,,,,,,,,,,,1
,910.531,994.786,1015,0.999591,0.0285977747211209,50756.3,9.8634,,,,,,,,,,-0.0724379953687062,1.46975665723716,1.0024903830445,0.717519708815696,,0.0121072926,,,,,,,,,,,1
,781.522,991.854,1006.1,0.998796,0.0490566038775612,50754.3,9.86434,,,,,,,,,,-0.0519538051837518,1.46976622019657,1.00376912581253,0.514884980106418,,0.055051634,,,,,,,,,,,1
,771.662,994.655,1017.7,0.999131,0.0416802691809929,50753.3,9.86448,,,,,,,,,,-0.0593363357182226,1.46976764431277,1.00335628802136,0.587976818269479,,0.0117782879,,,,,,,,,,,1
,640.831,991.991,1006.04,0.999165,0.0408571018918384,50750.3,9.86966,,,,,,,,,,-0.060107540711652,1.46982030849847,1.0033046666037,0.595919295742199,,0.0140801158,,,,,,,,,,,1
,722.476,997.009,1002.76,0.99868,0.0513639718090411,50747.3,9.87144,,,,,,,,,,-0.0495713500704584,1.46983839282817,1.00388329068596,0.491643634125359,,0.0134677243,,,,,,,,,,,1
,973.096,730.531,736.007,0.989078,0.147393045683981,50746.3,9.87169,,,,,,,,,,0.0469766154467304,1.46984093224511,1.00400888272464,-0.465940455148094,,0.0124573636,,,,,,,,,,,0
